# ************************************************************
# Sequel Pro SQL dump
# Version 4096
#
# http://www.sequelpro.com/
# http://code.google.com/p/sequel-pro/
#
# Host: 127.0.0.1 (MySQL 5.5.43-0ubuntu0.12.04.1)
# Database: app
# Generation Time: 2015-05-07 16:58:04 +0000
# ************************************************************


/*!40101 SET @OLD_CHARACTER_SET_CLIENT=@@CHARACTER_SET_CLIENT */;
/*!40101 SET @OLD_CHARACTER_SET_RESULTS=@@CHARACTER_SET_RESULTS */;
/*!40101 SET @OLD_COLLATION_CONNECTION=@@COLLATION_CONNECTION */;
/*!40101 SET NAMES utf8 */;
/*!40014 SET @OLD_FOREIGN_KEY_CHECKS=@@FOREIGN_KEY_CHECKS, FOREIGN_KEY_CHECKS=0 */;
/*!40101 SET @OLD_SQL_MODE=@@SQL_MODE, SQL_MODE='NO_AUTO_VALUE_ON_ZERO' */;
/*!40111 SET @OLD_SQL_NOTES=@@SQL_NOTES, SQL_NOTES=0 */;


# Dump of table audit_deltas
# ------------------------------------------------------------

DROP TABLE IF EXISTS `audit_deltas`;

CREATE TABLE `audit_deltas` (
  `id` varchar(36) NOT NULL,
  `audit_id` varchar(36) NOT NULL,
  `property_name` varchar(255) NOT NULL,
  `old_value` text,
  `new_value` text,
  PRIMARY KEY (`id`),
  KEY `audit_id` (`audit_id`)
) ENGINE=InnoDB DEFAULT CHARSET=utf8;

LOCK TABLES `audit_deltas` WRITE;
/*!40000 ALTER TABLE `audit_deltas` DISABLE KEYS */;

INSERT INTO `audit_deltas` (`id`, `audit_id`, `property_name`, `old_value`, `new_value`)
VALUES
	('5515525e-ceb0-4f78-86d7-06a0c0a8213a','5515525e-64d0-44e6-83f9-06a0c0a8213a','status_id','1','3'),
	('5515525e-faf0-4c24-a376-06a0c0a8213a','5515525e-64d0-44e6-83f9-06a0c0a8213a','Country','','78,154,156'),
	('5515525e-fc40-481e-a921-06a0c0a8213a','5515525e-64d0-44e6-83f9-06a0c0a8213a','start_date',NULL,'2015-03-27'),
	('55157952-2170-44b4-b04f-0731c0a8213a','55157952-e1ec-4159-9e9a-0731c0a8213a','Country','','5,10,13'),
	('55157952-9c20-4673-8d07-0731c0a8213a','55157952-e1ec-4159-9e9a-0731c0a8213a','status_id','1','6'),
	('55157952-f69c-4fb4-b087-0731c0a8213a','55157952-e1ec-4159-9e9a-0731c0a8213a','start_date',NULL,'2015-03-27'),
	('551579f8-5270-4db0-bd27-0738c0a8213a','551579f8-a04c-4a5f-b333-0738c0a8213a','start_date',NULL,'2015-03-27'),
	('55310e57-4ef4-4622-8bd4-09e9c0a8213a','55310e57-e4b8-4be6-9ed2-09e9c0a8213a','Country','','10'),
	('55310e57-5b18-4ab2-825a-09e9c0a8213a','55310e57-e4b8-4be6-9ed2-09e9c0a8213a','owner_user_id','1','2'),
	('55310e57-72a4-4f6a-872d-09e9c0a8213a','55310e57-e4b8-4be6-9ed2-09e9c0a8213a','finish_date',NULL,'2015-04-17'),
	('55310e57-8b00-47a2-9154-09e9c0a8213a','55310e57-e4b8-4be6-9ed2-09e9c0a8213a','status_id','1','4'),
	('5540dced-5724-4360-9d05-08c1c0a8213a','5540dced-f244-4e40-8c12-08c1c0a8213a','Country','10',''),
	('55421dd5-5b74-43d9-a2ee-0804c0a8213a','55421dd5-d5e0-475e-b2b9-0804c0a8213a','deleted','','1'),
	('55422b85-1428-474a-97f2-0ab2c0a8213a','55422b85-737c-4322-acd4-0ab2c0a8213a','value_sourced',NULL,'36847'),
	('55423f36-02dc-4011-8859-0bf6c0a8213a','55423f36-70e4-4d48-8117-0bf6c0a8213a','owner_user_id','1','2'),
	('55423f36-5b64-4688-b2d5-0bf6c0a8213a','55423f36-70e4-4d48-8117-0bf6c0a8213a','finish_date',NULL,'2015-04-30'),
	('55423f36-7d3c-4482-81e9-0bf6c0a8213a','55423f36-70e4-4d48-8117-0bf6c0a8213a','value_sourced',NULL,'32'),
	('5542420f-8c54-406d-9f55-0ab6c0a8213a','5542420f-3004-4cad-84dd-0ab6c0a8213a','value_sourced','32','9000'),
	('5542421e-bbf8-461f-b388-0c55c0a8213a','5542421e-9698-4338-ab0e-0c55c0a8213a','value_required','2147483647','9000'),
	('554b6d6d-1394-4871-b42c-13abc0a8213a','554b6d6d-8b04-4a9c-9c28-13abc0a8213a','value_sourced','36847','0'),
	('554b6d6d-9eec-406d-bb9b-13abc0a8213a','554b6d6d-8b04-4a9c-9c28-13abc0a8213a','value_required','23423423','234234'),
	('554b6da3-c28c-487c-860e-1335c0a8213a','554b6da3-a584-44a0-9d9e-1335c0a8213a','value_sourced','0','123'),
	('554b6da3-f01c-4731-9c02-1335c0a8213a','554b6da3-a584-44a0-9d9e-1335c0a8213a','Country','','16,24'),
	('554b7133-1d68-442c-8362-12f6c0a8213a','554b7133-2f00-4903-a655-12f6c0a8213a','value_sourced','123','738'),
	('554b7133-9bd4-4cfe-839f-12f6c0a8213a','554b7133-2f00-4903-a655-12f6c0a8213a','Country','16,24',''),
	('554b7299-19cc-40e8-9067-13abc0a8213a','554b7299-2dbc-4a41-af3b-13abc0a8213a','value_sourced','738','123'),
	('554b7419-cf74-4bc6-9e58-1370c0a8213a','554b7419-4bf0-4b2e-99d0-1370c0a8213a','value_sourced','123','702'),
	('554b7419-fb74-428b-9337-1370c0a8213a','554b7419-4bf0-4b2e-99d0-1370c0a8213a','Country','','24,31'),
	('554b75e0-3fa8-4d05-9f06-13b2c0a8213a','554b75e0-dcbc-43f6-bc16-13b2c0a8213a','owner_user_id','1','2'),
	('554b75e0-6a74-4ab3-a1a4-13b2c0a8213a','554b75e0-dcbc-43f6-bc16-13b2c0a8213a','value_sourced',NULL,'46846'),
	('554b75e0-8e88-4787-ac98-13b2c0a8213a','554b75e0-dcbc-43f6-bc16-13b2c0a8213a','value_required',NULL,'1231344'),
	('554b75e0-9d84-4e9a-bd57-13b2c0a8213a','554b75e0-dcbc-43f6-bc16-13b2c0a8213a','finish_date',NULL,'2015-05-22'),
	('554b75e0-a708-4bd8-814c-13b2c0a8213a','554b75e0-dcbc-43f6-bc16-13b2c0a8213a','start_date',NULL,'2015-05-07');

/*!40000 ALTER TABLE `audit_deltas` ENABLE KEYS */;
UNLOCK TABLES;


# Dump of table audits
# ------------------------------------------------------------

DROP TABLE IF EXISTS `audits`;

CREATE TABLE `audits` (
  `id` varchar(36) NOT NULL,
  `event` varchar(255) NOT NULL,
  `model` varchar(255) NOT NULL,
  `entity_id` varchar(36) NOT NULL,
  `json_object` text NOT NULL,
  `description` text,
  `source_id` varchar(255) DEFAULT NULL,
  `created` datetime NOT NULL,
  PRIMARY KEY (`id`)
) ENGINE=InnoDB DEFAULT CHARSET=utf8;

LOCK TABLES `audits` WRITE;
/*!40000 ALTER TABLE `audits` DISABLE KEYS */;

INSERT INTO `audits` (`id`, `event`, `model`, `entity_id`, `json_object`, `description`, `source_id`, `created`)
VALUES
	('5531272c-f5f0-4005-864f-0750c0a8213a','READ','Project','10','{\"Project\":{\"id\":\"10\",\"owner_user_id\":\"2\",\"status_id\":\"4\",\"programme_id\":\"1\",\"title\":\"asdfasdf\",\"summary\":\"sadfasdfasdf\",\"start_date\":\"2015-03-27\",\"finish_date\":\"2015-04-17\",\"value\":\"23423423\",\"created\":\"2015-03-27 11:04:28\",\"modified\":\"2015-04-17 13:44:55\"},\"Status\":{\"id\":\"4\",\"name\":\"Funded\",\"short_name\":\"funded\",\"sort_order\":\"2\"},\"Programme\":{\"id\":\"1\",\"name\":\"Africa\",\"sort_order\":\"1\"},\"OwnerUser\":{\"id\":\"2\",\"username\":\"test\",\"first_name\":\"Alice\",\"last_name\":\"LAST NAME\",\"name\":\"test\"},\"Projectnote\":[{\"id\":\"3\",\"project_id\":\"10\",\"user_id\":\"3\",\"content\":\"test\",\"deleted\":false,\"created\":\"2015-04-17 11:42:41\",\"User\":{\"id\":\"3\",\"username\":\"crista\",\"first_name\":\"Crista\",\"last_name\":\"LAST NAME\",\"name\":\"crista\"}},{\"id\":\"4\",\"project_id\":\"10\",\"user_id\":\"3\",\"content\":\"test\",\"deleted\":false,\"created\":\"2015-04-17 11:44:17\",\"User\":{\"id\":\"3\",\"username\":\"crista\",\"first_name\":\"Crista\",\"last_name\":\"LAST NAME\",\"name\":\"crista\"}},{\"id\":\"14\",\"project_id\":\"10\",\"user_id\":\"3\",\"content\":\"adfasfd\",\"deleted\":false,\"created\":\"2015-04-17 12:18:04\",\"User\":{\"id\":\"3\",\"username\":\"crista\",\"first_name\":\"Crista\",\"last_name\":\"LAST NAME\",\"name\":\"crista\"}},{\"id\":\"32\",\"project_id\":\"10\",\"user_id\":\"1\",\"content\":\"sdfasdf\",\"deleted\":false,\"created\":\"2015-04-17 15:23:42\",\"User\":{\"id\":\"1\",\"username\":\"admin\",\"first_name\":\"Bob\",\"last_name\":\"LAST NAME\",\"name\":\"admin\"}}]}',NULL,'1','2015-04-17 15:30:52'),
	('55312989-4294-4fe5-aafc-0835c0a8213a','READ','Project','15','{\"Project\":{\"id\":\"15\",\"owner_user_id\":\"1\",\"status_id\":\"1\",\"programme_id\":\"1\",\"title\":\"asdfasdfdfsa\",\"summary\":\"\",\"start_date\":null,\"finish_date\":null,\"value\":null,\"created\":\"2015-03-27 16:14:57\",\"modified\":\"2015-03-27 16:14:57\"},\"Status\":{\"id\":\"1\",\"name\":\"Not yet submitted\",\"short_name\":\"not-submitted\",\"sort_order\":\"0\"},\"Programme\":{\"id\":\"1\",\"name\":\"Africa\",\"sort_order\":\"1\"},\"OwnerUser\":{\"id\":\"1\",\"username\":\"admin\",\"first_name\":\"Bob\",\"last_name\":\"LAST NAME\",\"name\":\"admin\"},\"Projectnote\":[]}',NULL,'1','2015-04-17 15:40:57'),
	('5540bfdb-4a44-4701-b060-0659c0a8213a','READ','Project','12','{\"Project\":{\"id\":\"12\",\"owner_user_id\":\"1\",\"status_id\":\"3\",\"programme_id\":\"2\",\"title\":\"gvhvjub\",\"summary\":\"\",\"start_date\":\"2015-03-27\",\"finish_date\":null,\"value\":\"2147483647\",\"created\":\"2015-03-27 12:51:17\",\"modified\":\"2015-03-27 12:51:42\"},\"Status\":{\"id\":\"3\",\"name\":\"Approved\",\"short_name\":\"approved\",\"sort_order\":\"99\"},\"Programme\":{\"id\":\"2\",\"name\":\"Eurasia\",\"sort_order\":\"2\"},\"OwnerUser\":{\"id\":\"1\",\"username\":\"admin\",\"first_name\":\"Bob\",\"last_name\":\"LAST NAME\",\"name\":\"admin\"},\"Projectnote\":[]}',NULL,'1','2015-04-29 11:26:19'),
	('5540dced-f244-4e40-8c12-08c1c0a8213a','EDIT','Project','10','{\"Project\":{\"id\":\"10\",\"owner_user_id\":\"2\",\"status_id\":\"4\",\"programme_id\":\"1\",\"title\":\"asdfasdf\",\"summary\":\"sadfasdfasdf\",\"start_date\":\"2015-03-27\",\"finish_date\":\"2015-04-17\",\"value\":\"23423423\",\"created\":\"2015-03-27 11:04:28\",\"modified\":\"2015-04-29 13:30:21\",\"Country\":\"\",\"TeamMember\":\"\",\"Theme\":\"2\"}}',NULL,NULL,'2015-04-29 13:30:21'),
	('55421dba-af14-439f-a7f1-06cdc0a8213a','READ','Project','10','{\"Project\":{\"id\":\"10\",\"owner_user_id\":\"2\",\"status_id\":\"4\",\"programme_id\":\"1\",\"title\":\"asdfasdf\",\"summary\":\"sadfasdfasdf\",\"start_date\":\"2015-03-27\",\"finish_date\":\"2015-04-17\",\"value\":\"23423423\",\"created\":\"2015-03-27 11:04:28\",\"modified\":\"2015-04-30 12:19:00\"},\"Status\":{\"id\":\"4\",\"name\":\"Rejected\",\"short_name\":\"rejected\",\"sort_order\":\"2\"},\"Programme\":{\"id\":\"1\",\"name\":\"Africa\",\"sort_order\":\"1\"},\"OwnerUser\":{\"id\":\"2\",\"username\":\"test\",\"first_name\":\"Alice\",\"last_name\":\"LAST NAME\",\"name\":\"test\"},\"Projectnote\":[{\"id\":\"3\",\"project_id\":\"10\",\"user_id\":\"3\",\"content\":\"test\",\"deleted\":false,\"created\":\"2015-04-17 11:42:41\",\"User\":{\"id\":\"3\",\"username\":\"crista\",\"first_name\":\"Crista\",\"last_name\":\"LAST NAME\",\"name\":\"crista\"}},{\"id\":\"4\",\"project_id\":\"10\",\"user_id\":\"3\",\"content\":\"test\",\"deleted\":false,\"created\":\"2015-04-17 11:44:17\",\"User\":{\"id\":\"3\",\"username\":\"crista\",\"first_name\":\"Crista\",\"last_name\":\"LAST NAME\",\"name\":\"crista\"}},{\"id\":\"14\",\"project_id\":\"10\",\"user_id\":\"3\",\"content\":\"adfasfd\",\"deleted\":false,\"created\":\"2015-04-17 12:18:04\",\"User\":{\"id\":\"3\",\"username\":\"crista\",\"first_name\":\"Crista\",\"last_name\":\"LAST NAME\",\"name\":\"crista\"}},{\"id\":\"32\",\"project_id\":\"10\",\"user_id\":\"1\",\"content\":\"sdfasdf\",\"deleted\":false,\"created\":\"2015-04-17 15:23:42\",\"User\":{\"id\":\"1\",\"username\":\"admin\",\"first_name\":\"Bob\",\"last_name\":\"LAST NAME\",\"name\":\"admin\"}}]}',NULL,'1','2015-04-30 12:19:06'),
	('55421dbf-dfa4-4a01-ad08-06cdc0a8213a','CREATE','Projectnote','33','{\"Projectnote\":{\"id\":\"33\",\"project_id\":\"10\",\"user_id\":\"1\",\"content\":\"asdfsadf\",\"deleted\":false,\"created\":\"2015-04-30 12:19:11\"}}',NULL,NULL,'2015-04-30 12:19:11'),
	('55421dc3-be60-4667-8cea-06cdc0a8213a','READ','Project','10','{\"Project\":{\"id\":\"10\",\"owner_user_id\":\"2\",\"status_id\":\"4\",\"programme_id\":\"1\",\"title\":\"asdfasdf\",\"summary\":\"sadfasdfasdf\",\"start_date\":\"2015-03-27\",\"finish_date\":\"2015-04-17\",\"value\":\"23423423\",\"created\":\"2015-03-27 11:04:28\",\"modified\":\"2015-04-30 12:19:00\"},\"Status\":{\"id\":\"4\",\"name\":\"Rejected\",\"short_name\":\"rejected\",\"sort_order\":\"2\"},\"Programme\":{\"id\":\"1\",\"name\":\"Africa\",\"sort_order\":\"1\"},\"OwnerUser\":{\"id\":\"2\",\"username\":\"test\",\"first_name\":\"Alice\",\"last_name\":\"LAST NAME\",\"name\":\"test\"},\"Projectnote\":[{\"id\":\"3\",\"project_id\":\"10\",\"user_id\":\"3\",\"content\":\"test\",\"deleted\":false,\"created\":\"2015-04-17 11:42:41\",\"User\":{\"id\":\"3\",\"username\":\"crista\",\"first_name\":\"Crista\",\"last_name\":\"LAST NAME\",\"name\":\"crista\"}},{\"id\":\"4\",\"project_id\":\"10\",\"user_id\":\"3\",\"content\":\"test\",\"deleted\":false,\"created\":\"2015-04-17 11:44:17\",\"User\":{\"id\":\"3\",\"username\":\"crista\",\"first_name\":\"Crista\",\"last_name\":\"LAST NAME\",\"name\":\"crista\"}},{\"id\":\"14\",\"project_id\":\"10\",\"user_id\":\"3\",\"content\":\"adfasfd\",\"deleted\":false,\"created\":\"2015-04-17 12:18:04\",\"User\":{\"id\":\"3\",\"username\":\"crista\",\"first_name\":\"Crista\",\"last_name\":\"LAST NAME\",\"name\":\"crista\"}},{\"id\":\"32\",\"project_id\":\"10\",\"user_id\":\"1\",\"content\":\"sdfasdf\",\"deleted\":false,\"created\":\"2015-04-17 15:23:42\",\"User\":{\"id\":\"1\",\"username\":\"admin\",\"first_name\":\"Bob\",\"last_name\":\"LAST NAME\",\"name\":\"admin\"}},{\"id\":\"33\",\"project_id\":\"10\",\"user_id\":\"1\",\"content\":\"asdfsadf\",\"deleted\":false,\"created\":\"2015-04-30 12:19:11\",\"User\":{\"id\":\"1\",\"username\":\"admin\",\"first_name\":\"Bob\",\"last_name\":\"LAST NAME\",\"name\":\"admin\"}}]}',NULL,'1','2015-04-30 12:19:15'),
	('55421dd5-d5e0-475e-b2b9-0804c0a8213a','EDIT','Projectnote','32','{\"Projectnote\":{\"id\":\"32\",\"project_id\":\"10\",\"user_id\":\"1\",\"content\":\"sdfasdf\",\"deleted\":true,\"created\":\"2015-04-17 15:23:42\"}}',NULL,NULL,'2015-04-30 12:19:33'),
	('5542220d-fd00-4098-846e-0829c0a8213a','READ','Project','10','{\"Project\":{\"id\":\"10\",\"owner_user_id\":\"2\",\"status_id\":\"4\",\"programme_id\":\"1\",\"title\":\"asdfasdf\",\"summary\":\"sadfasdfasdf\",\"start_date\":\"2015-03-27\",\"finish_date\":\"2015-04-17\",\"value\":\"23423423\",\"created\":\"2015-03-27 11:04:28\",\"modified\":\"2015-04-30 12:19:00\"},\"Status\":{\"id\":\"4\",\"name\":\"Rejected\",\"short_name\":\"rejected\",\"sort_order\":\"2\"},\"Programme\":{\"id\":\"1\",\"name\":\"Africa\",\"sort_order\":\"1\"},\"OwnerUser\":{\"id\":\"2\",\"username\":\"test\",\"first_name\":\"Alice\",\"last_name\":\"LAST NAME\",\"name\":\"test\"},\"Projectnote\":[{\"id\":\"3\",\"project_id\":\"10\",\"user_id\":\"3\",\"content\":\"test\",\"deleted\":false,\"created\":\"2015-04-17 11:42:41\",\"User\":{\"id\":\"3\",\"username\":\"crista\",\"first_name\":\"Crista\",\"last_name\":\"LAST NAME\",\"name\":\"crista\"}},{\"id\":\"4\",\"project_id\":\"10\",\"user_id\":\"3\",\"content\":\"test\",\"deleted\":false,\"created\":\"2015-04-17 11:44:17\",\"User\":{\"id\":\"3\",\"username\":\"crista\",\"first_name\":\"Crista\",\"last_name\":\"LAST NAME\",\"name\":\"crista\"}},{\"id\":\"14\",\"project_id\":\"10\",\"user_id\":\"3\",\"content\":\"adfasfd\",\"deleted\":false,\"created\":\"2015-04-17 12:18:04\",\"User\":{\"id\":\"3\",\"username\":\"crista\",\"first_name\":\"Crista\",\"last_name\":\"LAST NAME\",\"name\":\"crista\"}},{\"id\":\"33\",\"project_id\":\"10\",\"user_id\":\"1\",\"content\":\"asdfsadf\",\"deleted\":false,\"created\":\"2015-04-30 12:19:11\",\"User\":{\"id\":\"1\",\"username\":\"admin\",\"first_name\":\"Bob\",\"last_name\":\"LAST NAME\",\"name\":\"admin\"}}]}',NULL,'1','2015-04-30 12:37:33'),
	('5542221c-3c84-4345-bf02-0804c0a8213a','READ','Project','10','{\"Project\":{\"id\":\"10\",\"owner_user_id\":\"2\",\"status_id\":\"4\",\"programme_id\":\"1\",\"title\":\"asdfasdf\",\"summary\":\"sadfasdfasdf\",\"start_date\":\"2015-03-27\",\"finish_date\":\"2015-04-17\",\"value\":\"23423423\",\"created\":\"2015-03-27 11:04:28\",\"modified\":\"2015-04-30 12:19:00\"},\"Status\":{\"id\":\"4\",\"name\":\"Rejected\",\"short_name\":\"rejected\",\"sort_order\":\"2\"},\"Programme\":{\"id\":\"1\",\"name\":\"Africa\",\"sort_order\":\"1\"},\"OwnerUser\":{\"id\":\"2\",\"username\":\"test\",\"first_name\":\"Alice\",\"last_name\":\"LAST NAME\",\"name\":\"test\"},\"Projectnote\":[{\"id\":\"3\",\"project_id\":\"10\",\"user_id\":\"3\",\"content\":\"test\",\"deleted\":false,\"created\":\"2015-04-17 11:42:41\",\"User\":{\"id\":\"3\",\"username\":\"crista\",\"first_name\":\"Crista\",\"last_name\":\"LAST NAME\",\"name\":\"crista\"}},{\"id\":\"4\",\"project_id\":\"10\",\"user_id\":\"3\",\"content\":\"test\",\"deleted\":false,\"created\":\"2015-04-17 11:44:17\",\"User\":{\"id\":\"3\",\"username\":\"crista\",\"first_name\":\"Crista\",\"last_name\":\"LAST NAME\",\"name\":\"crista\"}},{\"id\":\"14\",\"project_id\":\"10\",\"user_id\":\"3\",\"content\":\"adfasfd\",\"deleted\":false,\"created\":\"2015-04-17 12:18:04\",\"User\":{\"id\":\"3\",\"username\":\"crista\",\"first_name\":\"Crista\",\"last_name\":\"LAST NAME\",\"name\":\"crista\"}},{\"id\":\"33\",\"project_id\":\"10\",\"user_id\":\"1\",\"content\":\"asdfsadf\",\"deleted\":false,\"created\":\"2015-04-30 12:19:11\",\"User\":{\"id\":\"1\",\"username\":\"admin\",\"first_name\":\"Bob\",\"last_name\":\"LAST NAME\",\"name\":\"admin\"}}]}',NULL,'1','2015-04-30 12:37:48'),
	('55422226-127c-4ec0-aeda-0824c0a8213a','READ','Project','10','{\"Project\":{\"id\":\"10\",\"owner_user_id\":\"2\",\"status_id\":\"4\",\"programme_id\":\"1\",\"title\":\"asdfasdf\",\"summary\":\"sadfasdfasdf\",\"start_date\":\"2015-03-27\",\"finish_date\":\"2015-04-17\",\"value\":\"23423423\",\"created\":\"2015-03-27 11:04:28\",\"modified\":\"2015-04-30 12:19:00\"},\"Status\":{\"id\":\"4\",\"name\":\"Rejected\",\"short_name\":\"rejected\",\"sort_order\":\"2\"},\"Programme\":{\"id\":\"1\",\"name\":\"Africa\",\"sort_order\":\"1\"},\"OwnerUser\":{\"id\":\"2\",\"username\":\"test\",\"first_name\":\"Alice\",\"last_name\":\"LAST NAME\",\"name\":\"test\"},\"Projectnote\":[{\"id\":\"3\",\"project_id\":\"10\",\"user_id\":\"3\",\"content\":\"test\",\"deleted\":false,\"created\":\"2015-04-17 11:42:41\",\"User\":{\"id\":\"3\",\"username\":\"crista\",\"first_name\":\"Crista\",\"last_name\":\"LAST NAME\",\"name\":\"crista\"}},{\"id\":\"4\",\"project_id\":\"10\",\"user_id\":\"3\",\"content\":\"test\",\"deleted\":false,\"created\":\"2015-04-17 11:44:17\",\"User\":{\"id\":\"3\",\"username\":\"crista\",\"first_name\":\"Crista\",\"last_name\":\"LAST NAME\",\"name\":\"crista\"}},{\"id\":\"14\",\"project_id\":\"10\",\"user_id\":\"3\",\"content\":\"adfasfd\",\"deleted\":false,\"created\":\"2015-04-17 12:18:04\",\"User\":{\"id\":\"3\",\"username\":\"crista\",\"first_name\":\"Crista\",\"last_name\":\"LAST NAME\",\"name\":\"crista\"}},{\"id\":\"33\",\"project_id\":\"10\",\"user_id\":\"1\",\"content\":\"asdfsadf\",\"deleted\":false,\"created\":\"2015-04-30 12:19:11\",\"User\":{\"id\":\"1\",\"username\":\"admin\",\"first_name\":\"Bob\",\"last_name\":\"LAST NAME\",\"name\":\"admin\"}}]}',NULL,'1','2015-04-30 12:37:58'),
	('5542225c-eb04-4866-b289-06cdc0a8213a','READ','Project','10','{\"Project\":{\"id\":\"10\",\"owner_user_id\":\"2\",\"status_id\":\"4\",\"programme_id\":\"1\",\"title\":\"asdfasdf\",\"summary\":\"sadfasdfasdf\",\"start_date\":\"2015-03-27\",\"finish_date\":\"2015-04-17\",\"value\":\"23423423\",\"created\":\"2015-03-27 11:04:28\",\"modified\":\"2015-04-30 12:19:00\"},\"Status\":{\"id\":\"4\",\"name\":\"Rejected\",\"short_name\":\"rejected\",\"sort_order\":\"2\"},\"Programme\":{\"id\":\"1\",\"name\":\"Africa\",\"sort_order\":\"1\"},\"OwnerUser\":{\"id\":\"2\",\"username\":\"test\",\"first_name\":\"Alice\",\"last_name\":\"LAST NAME\",\"name\":\"test\"},\"Projectnote\":[{\"id\":\"3\",\"project_id\":\"10\",\"user_id\":\"3\",\"content\":\"test\",\"deleted\":false,\"created\":\"2015-04-17 11:42:41\",\"User\":{\"id\":\"3\",\"username\":\"crista\",\"first_name\":\"Crista\",\"last_name\":\"LAST NAME\",\"name\":\"crista\"}},{\"id\":\"4\",\"project_id\":\"10\",\"user_id\":\"3\",\"content\":\"test\",\"deleted\":false,\"created\":\"2015-04-17 11:44:17\",\"User\":{\"id\":\"3\",\"username\":\"crista\",\"first_name\":\"Crista\",\"last_name\":\"LAST NAME\",\"name\":\"crista\"}},{\"id\":\"14\",\"project_id\":\"10\",\"user_id\":\"3\",\"content\":\"adfasfd\",\"deleted\":false,\"created\":\"2015-04-17 12:18:04\",\"User\":{\"id\":\"3\",\"username\":\"crista\",\"first_name\":\"Crista\",\"last_name\":\"LAST NAME\",\"name\":\"crista\"}},{\"id\":\"33\",\"project_id\":\"10\",\"user_id\":\"1\",\"content\":\"asdfsadf\",\"deleted\":false,\"created\":\"2015-04-30 12:19:11\",\"User\":{\"id\":\"1\",\"username\":\"admin\",\"first_name\":\"Bob\",\"last_name\":\"LAST NAME\",\"name\":\"admin\"}}],\"Contract\":[{\"id\":\"16\",\"project_id\":\"10\",\"donor_id\":\"2\",\"currency_id\":null,\"deleted\":false,\"created\":\"2015-04-30 12:19:00\",\"modified\":\"2015-04-30 12:19:00\",\"Currency\":[],\"Payment\":[{\"id\":\"4\",\"project_id\":null,\"contract_id\":\"16\",\"date\":\"2015-04-03\",\"value_donor_currency\":\"234.00\",\"value_gbp\":\"34234.00\",\"received\":true,\"deleted\":false,\"created\":\"2015-04-30 12:19:00\",\"modified\":\"2015-04-30 12:19:00\"},{\"id\":\"5\",\"project_id\":null,\"contract_id\":\"16\",\"date\":\"2015-04-16\",\"value_donor_currency\":\"2344.00\",\"value_gbp\":\"234.00\",\"received\":false,\"deleted\":false,\"created\":\"2015-04-30 12:19:00\",\"modified\":\"2015-04-30 12:19:00\"}]},{\"id\":\"15\",\"project_id\":\"10\",\"donor_id\":\"1\",\"currency_id\":null,\"deleted\":false,\"created\":\"2015-04-30 09:58:30\",\"modified\":\"2015-04-30 12:19:00\",\"Currency\":[],\"Payment\":[{\"id\":\"3\",\"project_id\":null,\"contract_id\":\"15\",\"date\":\"2015-04-01\",\"value_donor_currency\":\"1.00\",\"value_gbp\":\"2.00\",\"received\":true,\"deleted\":false,\"created\":\"2015-04-30 10:09:00\",\"modified\":\"2015-04-30 12:19:00\"},{\"id\":\"2\",\"project_id\":null,\"contract_id\":\"15\",\"date\":\"2015-04-10\",\"value_donor_currency\":\"3.00\",\"value_gbp\":\"4.00\",\"received\":true,\"deleted\":false,\"created\":\"2015-04-30 09:58:30\",\"modified\":\"2015-04-30 12:19:00\"},{\"id\":\"6\",\"project_id\":null,\"contract_id\":\"15\",\"date\":\"2015-04-10\",\"value_donor_currency\":\"900.00\",\"value_gbp\":\"31.00\",\"received\":true,\"deleted\":false,\"created\":\"2015-04-30 12:19:00\",\"modified\":\"2015-04-30 12:19:00\"},{\"id\":\"7\",\"project_id\":null,\"contract_id\":\"15\",\"date\":\"2015-04-18\",\"value_donor_currency\":\"23432.00\",\"value_gbp\":\"2342.00\",\"received\":true,\"deleted\":false,\"created\":\"2015-04-30 12:19:00\",\"modified\":\"2015-04-30 12:19:00\"}]}]}',NULL,'1','2015-04-30 12:38:52'),
	('55422266-ebdc-458f-bc38-0829c0a8213a','READ','Project','10','{\"Project\":{\"id\":\"10\",\"owner_user_id\":\"2\",\"status_id\":\"4\",\"programme_id\":\"1\",\"title\":\"asdfasdf\",\"summary\":\"sadfasdfasdf\",\"start_date\":\"2015-03-27\",\"finish_date\":\"2015-04-17\",\"value\":\"23423423\",\"created\":\"2015-03-27 11:04:28\",\"modified\":\"2015-04-30 12:19:00\"},\"Status\":{\"id\":\"4\",\"name\":\"Rejected\",\"short_name\":\"rejected\",\"sort_order\":\"2\"},\"Programme\":{\"id\":\"1\",\"name\":\"Africa\",\"sort_order\":\"1\"},\"OwnerUser\":{\"id\":\"2\",\"username\":\"test\",\"first_name\":\"Alice\",\"last_name\":\"LAST NAME\",\"name\":\"test\"},\"Projectnote\":[{\"id\":\"3\",\"project_id\":\"10\",\"user_id\":\"3\",\"content\":\"test\",\"deleted\":false,\"created\":\"2015-04-17 11:42:41\",\"User\":{\"id\":\"3\",\"username\":\"crista\",\"first_name\":\"Crista\",\"last_name\":\"LAST NAME\",\"name\":\"crista\"}},{\"id\":\"4\",\"project_id\":\"10\",\"user_id\":\"3\",\"content\":\"test\",\"deleted\":false,\"created\":\"2015-04-17 11:44:17\",\"User\":{\"id\":\"3\",\"username\":\"crista\",\"first_name\":\"Crista\",\"last_name\":\"LAST NAME\",\"name\":\"crista\"}},{\"id\":\"14\",\"project_id\":\"10\",\"user_id\":\"3\",\"content\":\"adfasfd\",\"deleted\":false,\"created\":\"2015-04-17 12:18:04\",\"User\":{\"id\":\"3\",\"username\":\"crista\",\"first_name\":\"Crista\",\"last_name\":\"LAST NAME\",\"name\":\"crista\"}},{\"id\":\"33\",\"project_id\":\"10\",\"user_id\":\"1\",\"content\":\"asdfsadf\",\"deleted\":false,\"created\":\"2015-04-30 12:19:11\",\"User\":{\"id\":\"1\",\"username\":\"admin\",\"first_name\":\"Bob\",\"last_name\":\"LAST NAME\",\"name\":\"admin\"}}],\"Contract\":[{\"id\":\"16\",\"project_id\":\"10\",\"donor_id\":\"2\",\"currency_id\":null,\"deleted\":false,\"created\":\"2015-04-30 12:19:00\",\"modified\":\"2015-04-30 12:19:00\",\"Donor\":{\"id\":\"2\",\"name\":\"Donor Name #2\",\"created\":null},\"Currency\":[],\"Payment\":[{\"id\":\"4\",\"project_id\":null,\"contract_id\":\"16\",\"date\":\"2015-04-03\",\"value_donor_currency\":\"234.00\",\"value_gbp\":\"34234.00\",\"received\":true,\"deleted\":false,\"created\":\"2015-04-30 12:19:00\",\"modified\":\"2015-04-30 12:19:00\"},{\"id\":\"5\",\"project_id\":null,\"contract_id\":\"16\",\"date\":\"2015-04-16\",\"value_donor_currency\":\"2344.00\",\"value_gbp\":\"234.00\",\"received\":false,\"deleted\":false,\"created\":\"2015-04-30 12:19:00\",\"modified\":\"2015-04-30 12:19:00\"}]},{\"id\":\"15\",\"project_id\":\"10\",\"donor_id\":\"1\",\"currency_id\":null,\"deleted\":false,\"created\":\"2015-04-30 09:58:30\",\"modified\":\"2015-04-30 12:19:00\",\"Donor\":{\"id\":\"1\",\"name\":\"Donor Name #1\",\"created\":null},\"Currency\":[],\"Payment\":[{\"id\":\"3\",\"project_id\":null,\"contract_id\":\"15\",\"date\":\"2015-04-01\",\"value_donor_currency\":\"1.00\",\"value_gbp\":\"2.00\",\"received\":true,\"deleted\":false,\"created\":\"2015-04-30 10:09:00\",\"modified\":\"2015-04-30 12:19:00\"},{\"id\":\"2\",\"project_id\":null,\"contract_id\":\"15\",\"date\":\"2015-04-10\",\"value_donor_currency\":\"3.00\",\"value_gbp\":\"4.00\",\"received\":true,\"deleted\":false,\"created\":\"2015-04-30 09:58:30\",\"modified\":\"2015-04-30 12:19:00\"},{\"id\":\"6\",\"project_id\":null,\"contract_id\":\"15\",\"date\":\"2015-04-10\",\"value_donor_currency\":\"900.00\",\"value_gbp\":\"31.00\",\"received\":true,\"deleted\":false,\"created\":\"2015-04-30 12:19:00\",\"modified\":\"2015-04-30 12:19:00\"},{\"id\":\"7\",\"project_id\":null,\"contract_id\":\"15\",\"date\":\"2015-04-18\",\"value_donor_currency\":\"23432.00\",\"value_gbp\":\"2342.00\",\"received\":true,\"deleted\":false,\"created\":\"2015-04-30 12:19:00\",\"modified\":\"2015-04-30 12:19:00\"}]}]}',NULL,'1','2015-04-30 12:39:02'),
	('554222b1-6474-4429-9f9e-06cac0a8213a','READ','Project','10','{\"Project\":{\"id\":\"10\",\"owner_user_id\":\"2\",\"status_id\":\"4\",\"programme_id\":\"1\",\"title\":\"asdfasdf\",\"summary\":\"sadfasdfasdf\",\"start_date\":\"2015-03-27\",\"finish_date\":\"2015-04-17\",\"value\":\"23423423\",\"created\":\"2015-03-27 11:04:28\",\"modified\":\"2015-04-30 12:19:00\"},\"Status\":{\"id\":\"4\",\"name\":\"Rejected\",\"short_name\":\"rejected\",\"sort_order\":\"2\"},\"Programme\":{\"id\":\"1\",\"name\":\"Africa\",\"sort_order\":\"1\"},\"OwnerUser\":{\"id\":\"2\",\"username\":\"test\",\"first_name\":\"Alice\",\"last_name\":\"LAST NAME\",\"name\":\"test\"},\"Projectnote\":[{\"id\":\"3\",\"project_id\":\"10\",\"user_id\":\"3\",\"content\":\"test\",\"deleted\":false,\"created\":\"2015-04-17 11:42:41\",\"User\":{\"id\":\"3\",\"username\":\"crista\",\"first_name\":\"Crista\",\"last_name\":\"LAST NAME\",\"name\":\"crista\"}},{\"id\":\"4\",\"project_id\":\"10\",\"user_id\":\"3\",\"content\":\"test\",\"deleted\":false,\"created\":\"2015-04-17 11:44:17\",\"User\":{\"id\":\"3\",\"username\":\"crista\",\"first_name\":\"Crista\",\"last_name\":\"LAST NAME\",\"name\":\"crista\"}},{\"id\":\"14\",\"project_id\":\"10\",\"user_id\":\"3\",\"content\":\"adfasfd\",\"deleted\":false,\"created\":\"2015-04-17 12:18:04\",\"User\":{\"id\":\"3\",\"username\":\"crista\",\"first_name\":\"Crista\",\"last_name\":\"LAST NAME\",\"name\":\"crista\"}},{\"id\":\"33\",\"project_id\":\"10\",\"user_id\":\"1\",\"content\":\"asdfsadf\",\"deleted\":false,\"created\":\"2015-04-30 12:19:11\",\"User\":{\"id\":\"1\",\"username\":\"admin\",\"first_name\":\"Bob\",\"last_name\":\"LAST NAME\",\"name\":\"admin\"}}],\"Contract\":[{\"id\":\"16\",\"project_id\":\"10\",\"donor_id\":\"2\",\"currency_id\":null,\"deleted\":false,\"created\":\"2015-04-30 12:19:00\",\"modified\":\"2015-04-30 12:19:00\",\"Donor\":{\"id\":\"2\",\"name\":\"Donor Name #2\",\"created\":null},\"Currency\":[],\"Payment\":[{\"id\":\"4\",\"project_id\":null,\"contract_id\":\"16\",\"date\":\"2015-04-03\",\"value_donor_currency\":\"234.00\",\"value_gbp\":\"34234.00\",\"received\":true,\"deleted\":false,\"created\":\"2015-04-30 12:19:00\",\"modified\":\"2015-04-30 12:19:00\"},{\"id\":\"5\",\"project_id\":null,\"contract_id\":\"16\",\"date\":\"2015-04-16\",\"value_donor_currency\":\"2344.00\",\"value_gbp\":\"234.00\",\"received\":false,\"deleted\":false,\"created\":\"2015-04-30 12:19:00\",\"modified\":\"2015-04-30 12:19:00\"}]},{\"id\":\"15\",\"project_id\":\"10\",\"donor_id\":\"1\",\"currency_id\":null,\"deleted\":false,\"created\":\"2015-04-30 09:58:30\",\"modified\":\"2015-04-30 12:19:00\",\"Donor\":{\"id\":\"1\",\"name\":\"Donor Name #1\",\"created\":null},\"Currency\":[],\"Payment\":[{\"id\":\"3\",\"project_id\":null,\"contract_id\":\"15\",\"date\":\"2015-04-01\",\"value_donor_currency\":\"1.00\",\"value_gbp\":\"2.00\",\"received\":true,\"deleted\":false,\"created\":\"2015-04-30 10:09:00\",\"modified\":\"2015-04-30 12:19:00\"},{\"id\":\"2\",\"project_id\":null,\"contract_id\":\"15\",\"date\":\"2015-04-10\",\"value_donor_currency\":\"3.00\",\"value_gbp\":\"4.00\",\"received\":true,\"deleted\":false,\"created\":\"2015-04-30 09:58:30\",\"modified\":\"2015-04-30 12:19:00\"},{\"id\":\"6\",\"project_id\":null,\"contract_id\":\"15\",\"date\":\"2015-04-10\",\"value_donor_currency\":\"900.00\",\"value_gbp\":\"31.00\",\"received\":true,\"deleted\":false,\"created\":\"2015-04-30 12:19:00\",\"modified\":\"2015-04-30 12:19:00\"},{\"id\":\"7\",\"project_id\":null,\"contract_id\":\"15\",\"date\":\"2015-04-18\",\"value_donor_currency\":\"23432.00\",\"value_gbp\":\"2342.00\",\"received\":true,\"deleted\":false,\"created\":\"2015-04-30 12:19:00\",\"modified\":\"2015-04-30 12:19:00\"}]}]}',NULL,'1','2015-04-30 12:40:17'),
	('554222cb-fcd8-407f-8ba9-07fcc0a8213a','READ','Project','10','{\"Project\":{\"id\":\"10\",\"owner_user_id\":\"2\",\"status_id\":\"4\",\"programme_id\":\"1\",\"title\":\"asdfasdf\",\"summary\":\"sadfasdfasdf\",\"start_date\":\"2015-03-27\",\"finish_date\":\"2015-04-17\",\"value\":\"23423423\",\"created\":\"2015-03-27 11:04:28\",\"modified\":\"2015-04-30 12:19:00\"},\"Status\":{\"id\":\"4\",\"name\":\"Rejected\",\"short_name\":\"rejected\",\"sort_order\":\"2\"},\"Programme\":{\"id\":\"1\",\"name\":\"Africa\",\"sort_order\":\"1\"},\"OwnerUser\":{\"id\":\"2\",\"username\":\"test\",\"first_name\":\"Alice\",\"last_name\":\"LAST NAME\",\"name\":\"test\"},\"Projectnote\":[{\"id\":\"3\",\"project_id\":\"10\",\"user_id\":\"3\",\"content\":\"test\",\"deleted\":false,\"created\":\"2015-04-17 11:42:41\",\"User\":{\"id\":\"3\",\"username\":\"crista\",\"first_name\":\"Crista\",\"last_name\":\"LAST NAME\",\"name\":\"crista\"}},{\"id\":\"4\",\"project_id\":\"10\",\"user_id\":\"3\",\"content\":\"test\",\"deleted\":false,\"created\":\"2015-04-17 11:44:17\",\"User\":{\"id\":\"3\",\"username\":\"crista\",\"first_name\":\"Crista\",\"last_name\":\"LAST NAME\",\"name\":\"crista\"}},{\"id\":\"14\",\"project_id\":\"10\",\"user_id\":\"3\",\"content\":\"adfasfd\",\"deleted\":false,\"created\":\"2015-04-17 12:18:04\",\"User\":{\"id\":\"3\",\"username\":\"crista\",\"first_name\":\"Crista\",\"last_name\":\"LAST NAME\",\"name\":\"crista\"}},{\"id\":\"33\",\"project_id\":\"10\",\"user_id\":\"1\",\"content\":\"asdfsadf\",\"deleted\":false,\"created\":\"2015-04-30 12:19:11\",\"User\":{\"id\":\"1\",\"username\":\"admin\",\"first_name\":\"Bob\",\"last_name\":\"LAST NAME\",\"name\":\"admin\"}}],\"Contract\":[{\"id\":\"16\",\"project_id\":\"10\",\"donor_id\":\"2\",\"currency_id\":null,\"deleted\":false,\"created\":\"2015-04-30 12:19:00\",\"modified\":\"2015-04-30 12:19:00\",\"Donor\":{\"id\":\"2\",\"name\":\"Donor Name #2\",\"created\":null},\"Currency\":[],\"Payment\":[{\"id\":\"4\",\"project_id\":null,\"contract_id\":\"16\",\"date\":\"2015-04-03\",\"value_donor_currency\":\"234.00\",\"value_gbp\":\"34234.00\",\"received\":true,\"deleted\":false,\"created\":\"2015-04-30 12:19:00\",\"modified\":\"2015-04-30 12:19:00\"},{\"id\":\"5\",\"project_id\":null,\"contract_id\":\"16\",\"date\":\"2015-04-16\",\"value_donor_currency\":\"2344.00\",\"value_gbp\":\"234.00\",\"received\":false,\"deleted\":false,\"created\":\"2015-04-30 12:19:00\",\"modified\":\"2015-04-30 12:19:00\"}]},{\"id\":\"15\",\"project_id\":\"10\",\"donor_id\":\"1\",\"currency_id\":null,\"deleted\":false,\"created\":\"2015-04-30 09:58:30\",\"modified\":\"2015-04-30 12:19:00\",\"Donor\":{\"id\":\"1\",\"name\":\"Donor Name #1\",\"created\":null},\"Currency\":[],\"Payment\":[{\"id\":\"3\",\"project_id\":null,\"contract_id\":\"15\",\"date\":\"2015-04-01\",\"value_donor_currency\":\"1.00\",\"value_gbp\":\"2.00\",\"received\":true,\"deleted\":false,\"created\":\"2015-04-30 10:09:00\",\"modified\":\"2015-04-30 12:19:00\"},{\"id\":\"2\",\"project_id\":null,\"contract_id\":\"15\",\"date\":\"2015-04-10\",\"value_donor_currency\":\"3.00\",\"value_gbp\":\"4.00\",\"received\":true,\"deleted\":false,\"created\":\"2015-04-30 09:58:30\",\"modified\":\"2015-04-30 12:19:00\"},{\"id\":\"6\",\"project_id\":null,\"contract_id\":\"15\",\"date\":\"2015-04-10\",\"value_donor_currency\":\"900.00\",\"value_gbp\":\"31.00\",\"received\":true,\"deleted\":false,\"created\":\"2015-04-30 12:19:00\",\"modified\":\"2015-04-30 12:19:00\"},{\"id\":\"7\",\"project_id\":null,\"contract_id\":\"15\",\"date\":\"2015-04-18\",\"value_donor_currency\":\"23432.00\",\"value_gbp\":\"2342.00\",\"received\":true,\"deleted\":false,\"created\":\"2015-04-30 12:19:00\",\"modified\":\"2015-04-30 12:19:00\"}]}]}',NULL,'1','2015-04-30 12:40:43'),
	('55422318-a660-495f-a0d5-0734c0a8213a','READ','Project','10','{\"Project\":{\"id\":\"10\",\"owner_user_id\":\"2\",\"status_id\":\"4\",\"programme_id\":\"1\",\"title\":\"asdfasdf\",\"summary\":\"sadfasdfasdf\",\"start_date\":\"2015-03-27\",\"finish_date\":\"2015-04-17\",\"value\":\"23423423\",\"created\":\"2015-03-27 11:04:28\",\"modified\":\"2015-04-30 12:41:57\"},\"Status\":{\"id\":\"4\",\"name\":\"Rejected\",\"short_name\":\"rejected\",\"sort_order\":\"2\"},\"Programme\":{\"id\":\"1\",\"name\":\"Africa\",\"sort_order\":\"1\"},\"OwnerUser\":{\"id\":\"2\",\"username\":\"test\",\"first_name\":\"Alice\",\"last_name\":\"LAST NAME\",\"name\":\"test\"},\"Projectnote\":[{\"id\":\"3\",\"project_id\":\"10\",\"user_id\":\"3\",\"content\":\"test\",\"deleted\":false,\"created\":\"2015-04-17 11:42:41\",\"User\":{\"id\":\"3\",\"username\":\"crista\",\"first_name\":\"Crista\",\"last_name\":\"LAST NAME\",\"name\":\"crista\"}},{\"id\":\"4\",\"project_id\":\"10\",\"user_id\":\"3\",\"content\":\"test\",\"deleted\":false,\"created\":\"2015-04-17 11:44:17\",\"User\":{\"id\":\"3\",\"username\":\"crista\",\"first_name\":\"Crista\",\"last_name\":\"LAST NAME\",\"name\":\"crista\"}},{\"id\":\"14\",\"project_id\":\"10\",\"user_id\":\"3\",\"content\":\"adfasfd\",\"deleted\":false,\"created\":\"2015-04-17 12:18:04\",\"User\":{\"id\":\"3\",\"username\":\"crista\",\"first_name\":\"Crista\",\"last_name\":\"LAST NAME\",\"name\":\"crista\"}},{\"id\":\"33\",\"project_id\":\"10\",\"user_id\":\"1\",\"content\":\"asdfsadf\",\"deleted\":false,\"created\":\"2015-04-30 12:19:11\",\"User\":{\"id\":\"1\",\"username\":\"admin\",\"first_name\":\"Bob\",\"last_name\":\"LAST NAME\",\"name\":\"admin\"}}],\"Contract\":[{\"id\":\"16\",\"project_id\":\"10\",\"donor_id\":\"1\",\"currency_id\":\"2\",\"deleted\":false,\"created\":\"2015-04-30 12:19:00\",\"modified\":\"2015-04-30 12:41:57\",\"Donor\":{\"id\":\"1\",\"name\":\"Donor Name #1\",\"created\":null},\"Currency\":{\"id\":\"2\",\"name\":\"US Dollars\",\"code\":\"USD\"},\"Payment\":[{\"id\":\"4\",\"project_id\":null,\"contract_id\":\"16\",\"date\":\"2015-04-03\",\"value_donor_currency\":\"234.00\",\"value_gbp\":\"34234.00\",\"received\":true,\"deleted\":false,\"created\":\"2015-04-30 12:19:00\",\"modified\":\"2015-04-30 12:41:57\"},{\"id\":\"5\",\"project_id\":null,\"contract_id\":\"16\",\"date\":\"2015-04-16\",\"value_donor_currency\":\"2344.00\",\"value_gbp\":\"234.00\",\"received\":false,\"deleted\":false,\"created\":\"2015-04-30 12:19:00\",\"modified\":\"2015-04-30 12:41:57\"}]},{\"id\":\"15\",\"project_id\":\"10\",\"donor_id\":\"1\",\"currency_id\":\"3\",\"deleted\":false,\"created\":\"2015-04-30 09:58:30\",\"modified\":\"2015-04-30 12:41:57\",\"Donor\":{\"id\":\"1\",\"name\":\"Donor Name #1\",\"created\":null},\"Currency\":{\"id\":\"3\",\"name\":\"Swiss Francs\",\"code\":\"CHF\"},\"Payment\":[{\"id\":\"3\",\"project_id\":null,\"contract_id\":\"15\",\"date\":\"2015-04-01\",\"value_donor_currency\":\"1.00\",\"value_gbp\":\"2.00\",\"received\":true,\"deleted\":false,\"created\":\"2015-04-30 10:09:00\",\"modified\":\"2015-04-30 12:41:57\"},{\"id\":\"2\",\"project_id\":null,\"contract_id\":\"15\",\"date\":\"2015-04-10\",\"value_donor_currency\":\"3.00\",\"value_gbp\":\"4.00\",\"received\":true,\"deleted\":false,\"created\":\"2015-04-30 09:58:30\",\"modified\":\"2015-04-30 12:41:57\"},{\"id\":\"6\",\"project_id\":null,\"contract_id\":\"15\",\"date\":\"2015-04-10\",\"value_donor_currency\":\"900.00\",\"value_gbp\":\"31.00\",\"received\":true,\"deleted\":false,\"created\":\"2015-04-30 12:19:00\",\"modified\":\"2015-04-30 12:41:57\"},{\"id\":\"7\",\"project_id\":null,\"contract_id\":\"15\",\"date\":\"2015-04-18\",\"value_donor_currency\":\"23432.00\",\"value_gbp\":\"2342.00\",\"received\":true,\"deleted\":false,\"created\":\"2015-04-30 12:19:00\",\"modified\":\"2015-04-30 12:41:57\"}]}]}',NULL,'1','2015-04-30 12:42:00'),
	('554223a3-e3ec-452b-8e6f-0824c0a8213a','READ','Project','10','{\"Project\":{\"id\":\"10\",\"owner_user_id\":\"2\",\"status_id\":\"4\",\"programme_id\":\"1\",\"title\":\"asdfasdf\",\"summary\":\"sadfasdfasdf\",\"start_date\":\"2015-03-27\",\"finish_date\":\"2015-04-17\",\"value\":\"23423423\",\"created\":\"2015-03-27 11:04:28\",\"modified\":\"2015-04-30 12:41:57\"},\"Status\":{\"id\":\"4\",\"name\":\"Rejected\",\"short_name\":\"rejected\",\"sort_order\":\"2\"},\"Programme\":{\"id\":\"1\",\"name\":\"Africa\",\"sort_order\":\"1\"},\"OwnerUser\":{\"id\":\"2\",\"username\":\"test\",\"first_name\":\"Alice\",\"last_name\":\"LAST NAME\",\"name\":\"test\"},\"Projectnote\":[{\"id\":\"3\",\"project_id\":\"10\",\"user_id\":\"3\",\"content\":\"test\",\"deleted\":false,\"created\":\"2015-04-17 11:42:41\",\"User\":{\"id\":\"3\",\"username\":\"crista\",\"first_name\":\"Crista\",\"last_name\":\"LAST NAME\",\"name\":\"crista\"}},{\"id\":\"4\",\"project_id\":\"10\",\"user_id\":\"3\",\"content\":\"test\",\"deleted\":false,\"created\":\"2015-04-17 11:44:17\",\"User\":{\"id\":\"3\",\"username\":\"crista\",\"first_name\":\"Crista\",\"last_name\":\"LAST NAME\",\"name\":\"crista\"}},{\"id\":\"14\",\"project_id\":\"10\",\"user_id\":\"3\",\"content\":\"adfasfd\",\"deleted\":false,\"created\":\"2015-04-17 12:18:04\",\"User\":{\"id\":\"3\",\"username\":\"crista\",\"first_name\":\"Crista\",\"last_name\":\"LAST NAME\",\"name\":\"crista\"}},{\"id\":\"33\",\"project_id\":\"10\",\"user_id\":\"1\",\"content\":\"asdfsadf\",\"deleted\":false,\"created\":\"2015-04-30 12:19:11\",\"User\":{\"id\":\"1\",\"username\":\"admin\",\"first_name\":\"Bob\",\"last_name\":\"LAST NAME\",\"name\":\"admin\"}}],\"Contract\":[{\"id\":\"16\",\"project_id\":\"10\",\"donor_id\":\"1\",\"currency_id\":\"2\",\"deleted\":false,\"created\":\"2015-04-30 12:19:00\",\"modified\":\"2015-04-30 12:41:57\",\"Donor\":{\"id\":\"1\",\"name\":\"Donor Name #1\",\"created\":null},\"Currency\":{\"id\":\"2\",\"name\":\"US Dollars\",\"code\":\"USD\"},\"Payment\":[{\"id\":\"4\",\"project_id\":null,\"contract_id\":\"16\",\"date\":\"2015-04-03\",\"value_donor_currency\":\"234.00\",\"value_gbp\":\"34234.00\",\"received\":true,\"deleted\":false,\"created\":\"2015-04-30 12:19:00\",\"modified\":\"2015-04-30 12:41:57\"},{\"id\":\"5\",\"project_id\":null,\"contract_id\":\"16\",\"date\":\"2015-04-16\",\"value_donor_currency\":\"2344.00\",\"value_gbp\":\"234.00\",\"received\":false,\"deleted\":false,\"created\":\"2015-04-30 12:19:00\",\"modified\":\"2015-04-30 12:41:57\"}]},{\"id\":\"15\",\"project_id\":\"10\",\"donor_id\":\"1\",\"currency_id\":\"3\",\"deleted\":false,\"created\":\"2015-04-30 09:58:30\",\"modified\":\"2015-04-30 12:41:57\",\"Donor\":{\"id\":\"1\",\"name\":\"Donor Name #1\",\"created\":null},\"Currency\":{\"id\":\"3\",\"name\":\"Swiss Francs\",\"code\":\"CHF\"},\"Payment\":[{\"id\":\"3\",\"project_id\":null,\"contract_id\":\"15\",\"date\":\"2015-04-01\",\"value_donor_currency\":\"1.00\",\"value_gbp\":\"2.00\",\"received\":true,\"deleted\":false,\"created\":\"2015-04-30 10:09:00\",\"modified\":\"2015-04-30 12:41:57\"},{\"id\":\"2\",\"project_id\":null,\"contract_id\":\"15\",\"date\":\"2015-04-10\",\"value_donor_currency\":\"3.00\",\"value_gbp\":\"4.00\",\"received\":true,\"deleted\":false,\"created\":\"2015-04-30 09:58:30\",\"modified\":\"2015-04-30 12:41:57\"},{\"id\":\"6\",\"project_id\":null,\"contract_id\":\"15\",\"date\":\"2015-04-10\",\"value_donor_currency\":\"900.00\",\"value_gbp\":\"31.00\",\"received\":true,\"deleted\":false,\"created\":\"2015-04-30 12:19:00\",\"modified\":\"2015-04-30 12:41:57\"},{\"id\":\"7\",\"project_id\":null,\"contract_id\":\"15\",\"date\":\"2015-04-18\",\"value_donor_currency\":\"23432.00\",\"value_gbp\":\"2342.00\",\"received\":true,\"deleted\":false,\"created\":\"2015-04-30 12:19:00\",\"modified\":\"2015-04-30 12:41:57\"}]}]}',NULL,'1','2015-04-30 12:44:19'),
	('554224e2-1ef8-4f44-a0eb-06cac0a8213a','READ','Project','10','{\"Project\":{\"id\":\"10\",\"owner_user_id\":\"2\",\"status_id\":\"4\",\"programme_id\":\"1\",\"title\":\"asdfasdf\",\"summary\":\"sadfasdfasdf\",\"start_date\":\"2015-03-27\",\"finish_date\":\"2015-04-17\",\"value\":\"23423423\",\"created\":\"2015-03-27 11:04:28\",\"modified\":\"2015-04-30 12:41:57\"},\"Status\":{\"id\":\"4\",\"name\":\"Rejected\",\"short_name\":\"rejected\",\"sort_order\":\"2\"},\"Programme\":{\"id\":\"1\",\"name\":\"Africa\",\"sort_order\":\"1\"},\"OwnerUser\":{\"id\":\"2\",\"username\":\"test\",\"first_name\":\"Alice\",\"last_name\":\"LAST NAME\",\"name\":\"test\"},\"Projectnote\":[{\"id\":\"3\",\"project_id\":\"10\",\"user_id\":\"3\",\"content\":\"test\",\"deleted\":false,\"created\":\"2015-04-17 11:42:41\",\"User\":{\"id\":\"3\",\"username\":\"crista\",\"first_name\":\"Crista\",\"last_name\":\"LAST NAME\",\"name\":\"crista\"}},{\"id\":\"4\",\"project_id\":\"10\",\"user_id\":\"3\",\"content\":\"test\",\"deleted\":false,\"created\":\"2015-04-17 11:44:17\",\"User\":{\"id\":\"3\",\"username\":\"crista\",\"first_name\":\"Crista\",\"last_name\":\"LAST NAME\",\"name\":\"crista\"}},{\"id\":\"14\",\"project_id\":\"10\",\"user_id\":\"3\",\"content\":\"adfasfd\",\"deleted\":false,\"created\":\"2015-04-17 12:18:04\",\"User\":{\"id\":\"3\",\"username\":\"crista\",\"first_name\":\"Crista\",\"last_name\":\"LAST NAME\",\"name\":\"crista\"}},{\"id\":\"33\",\"project_id\":\"10\",\"user_id\":\"1\",\"content\":\"asdfsadf\",\"deleted\":false,\"created\":\"2015-04-30 12:19:11\",\"User\":{\"id\":\"1\",\"username\":\"admin\",\"first_name\":\"Bob\",\"last_name\":\"LAST NAME\",\"name\":\"admin\"}}],\"Contract\":[{\"id\":\"16\",\"project_id\":\"10\",\"donor_id\":\"1\",\"currency_id\":\"2\",\"deleted\":false,\"created\":\"2015-04-30 12:19:00\",\"modified\":\"2015-04-30 12:41:57\",\"Donor\":{\"id\":\"1\",\"name\":\"Donor Name #1\",\"created\":null},\"Currency\":{\"id\":\"2\",\"name\":\"US Dollars\",\"code\":\"USD\"},\"Payment\":[{\"id\":\"4\",\"project_id\":null,\"contract_id\":\"16\",\"date\":\"2015-04-03\",\"value_donor_currency\":\"234.00\",\"value_gbp\":\"34234.00\",\"received\":true,\"deleted\":false,\"created\":\"2015-04-30 12:19:00\",\"modified\":\"2015-04-30 12:41:57\"},{\"id\":\"5\",\"project_id\":null,\"contract_id\":\"16\",\"date\":\"2015-04-16\",\"value_donor_currency\":\"2344.00\",\"value_gbp\":\"234.00\",\"received\":false,\"deleted\":false,\"created\":\"2015-04-30 12:19:00\",\"modified\":\"2015-04-30 12:41:57\"}]},{\"id\":\"15\",\"project_id\":\"10\",\"donor_id\":\"1\",\"currency_id\":\"3\",\"deleted\":false,\"created\":\"2015-04-30 09:58:30\",\"modified\":\"2015-04-30 12:41:57\",\"Donor\":{\"id\":\"1\",\"name\":\"Donor Name #1\",\"created\":null},\"Currency\":{\"id\":\"3\",\"name\":\"Swiss Francs\",\"code\":\"CHF\"},\"Payment\":[{\"id\":\"3\",\"project_id\":null,\"contract_id\":\"15\",\"date\":\"2015-04-01\",\"value_donor_currency\":\"1.00\",\"value_gbp\":\"2.00\",\"received\":true,\"deleted\":false,\"created\":\"2015-04-30 10:09:00\",\"modified\":\"2015-04-30 12:41:57\"},{\"id\":\"2\",\"project_id\":null,\"contract_id\":\"15\",\"date\":\"2015-04-10\",\"value_donor_currency\":\"3.00\",\"value_gbp\":\"4.00\",\"received\":true,\"deleted\":false,\"created\":\"2015-04-30 09:58:30\",\"modified\":\"2015-04-30 12:41:57\"},{\"id\":\"6\",\"project_id\":null,\"contract_id\":\"15\",\"date\":\"2015-04-10\",\"value_donor_currency\":\"900.00\",\"value_gbp\":\"31.00\",\"received\":true,\"deleted\":false,\"created\":\"2015-04-30 12:19:00\",\"modified\":\"2015-04-30 12:41:57\"},{\"id\":\"7\",\"project_id\":null,\"contract_id\":\"15\",\"date\":\"2015-04-18\",\"value_donor_currency\":\"23432.00\",\"value_gbp\":\"2342.00\",\"received\":true,\"deleted\":false,\"created\":\"2015-04-30 12:19:00\",\"modified\":\"2015-04-30 12:41:57\"}]}]}',NULL,'1','2015-04-30 12:49:38'),
	('554224f8-ec54-4ffb-b858-0a6cc0a8213a','READ','Project','10','{\"Project\":{\"id\":\"10\",\"owner_user_id\":\"2\",\"status_id\":\"4\",\"programme_id\":\"1\",\"title\":\"asdfasdf\",\"summary\":\"sadfasdfasdf\",\"start_date\":\"2015-03-27\",\"finish_date\":\"2015-04-17\",\"value\":\"23423423\",\"created\":\"2015-03-27 11:04:28\",\"modified\":\"2015-04-30 12:41:57\"},\"Status\":{\"id\":\"4\",\"name\":\"Rejected\",\"short_name\":\"rejected\",\"sort_order\":\"2\"},\"Programme\":{\"id\":\"1\",\"name\":\"Africa\",\"sort_order\":\"1\"},\"OwnerUser\":{\"id\":\"2\",\"username\":\"test\",\"first_name\":\"Alice\",\"last_name\":\"LAST NAME\",\"name\":\"test\"},\"Projectnote\":[{\"id\":\"3\",\"project_id\":\"10\",\"user_id\":\"3\",\"content\":\"test\",\"deleted\":false,\"created\":\"2015-04-17 11:42:41\",\"User\":{\"id\":\"3\",\"username\":\"crista\",\"first_name\":\"Crista\",\"last_name\":\"LAST NAME\",\"name\":\"crista\"}},{\"id\":\"4\",\"project_id\":\"10\",\"user_id\":\"3\",\"content\":\"test\",\"deleted\":false,\"created\":\"2015-04-17 11:44:17\",\"User\":{\"id\":\"3\",\"username\":\"crista\",\"first_name\":\"Crista\",\"last_name\":\"LAST NAME\",\"name\":\"crista\"}},{\"id\":\"14\",\"project_id\":\"10\",\"user_id\":\"3\",\"content\":\"adfasfd\",\"deleted\":false,\"created\":\"2015-04-17 12:18:04\",\"User\":{\"id\":\"3\",\"username\":\"crista\",\"first_name\":\"Crista\",\"last_name\":\"LAST NAME\",\"name\":\"crista\"}},{\"id\":\"33\",\"project_id\":\"10\",\"user_id\":\"1\",\"content\":\"asdfsadf\",\"deleted\":false,\"created\":\"2015-04-30 12:19:11\",\"User\":{\"id\":\"1\",\"username\":\"admin\",\"first_name\":\"Bob\",\"last_name\":\"LAST NAME\",\"name\":\"admin\"}}],\"Contract\":[{\"id\":\"16\",\"project_id\":\"10\",\"donor_id\":\"1\",\"currency_id\":\"2\",\"deleted\":false,\"created\":\"2015-04-30 12:19:00\",\"modified\":\"2015-04-30 12:41:57\",\"Donor\":{\"id\":\"1\",\"name\":\"Donor Name #1\",\"created\":null},\"Currency\":{\"id\":\"2\",\"name\":\"US Dollars\",\"code\":\"USD\"},\"Payment\":[{\"id\":\"4\",\"project_id\":null,\"contract_id\":\"16\",\"date\":\"2015-04-03\",\"value_donor_currency\":\"234.00\",\"value_gbp\":\"34234.00\",\"received\":true,\"deleted\":false,\"created\":\"2015-04-30 12:19:00\",\"modified\":\"2015-04-30 12:41:57\"},{\"id\":\"5\",\"project_id\":null,\"contract_id\":\"16\",\"date\":\"2015-04-16\",\"value_donor_currency\":\"2344.00\",\"value_gbp\":\"234.00\",\"received\":false,\"deleted\":false,\"created\":\"2015-04-30 12:19:00\",\"modified\":\"2015-04-30 12:41:57\"}]},{\"id\":\"15\",\"project_id\":\"10\",\"donor_id\":\"1\",\"currency_id\":\"3\",\"deleted\":false,\"created\":\"2015-04-30 09:58:30\",\"modified\":\"2015-04-30 12:41:57\",\"Donor\":{\"id\":\"1\",\"name\":\"Donor Name #1\",\"created\":null},\"Currency\":{\"id\":\"3\",\"name\":\"Swiss Francs\",\"code\":\"CHF\"},\"Payment\":[{\"id\":\"3\",\"project_id\":null,\"contract_id\":\"15\",\"date\":\"2015-04-01\",\"value_donor_currency\":\"1.00\",\"value_gbp\":\"2.00\",\"received\":true,\"deleted\":false,\"created\":\"2015-04-30 10:09:00\",\"modified\":\"2015-04-30 12:41:57\"},{\"id\":\"2\",\"project_id\":null,\"contract_id\":\"15\",\"date\":\"2015-04-10\",\"value_donor_currency\":\"3.00\",\"value_gbp\":\"4.00\",\"received\":true,\"deleted\":false,\"created\":\"2015-04-30 09:58:30\",\"modified\":\"2015-04-30 12:41:57\"},{\"id\":\"6\",\"project_id\":null,\"contract_id\":\"15\",\"date\":\"2015-04-10\",\"value_donor_currency\":\"900.00\",\"value_gbp\":\"31.00\",\"received\":true,\"deleted\":false,\"created\":\"2015-04-30 12:19:00\",\"modified\":\"2015-04-30 12:41:57\"},{\"id\":\"7\",\"project_id\":null,\"contract_id\":\"15\",\"date\":\"2015-04-18\",\"value_donor_currency\":\"23432.00\",\"value_gbp\":\"2342.00\",\"received\":true,\"deleted\":false,\"created\":\"2015-04-30 12:19:00\",\"modified\":\"2015-04-30 12:41:57\"}]}]}',NULL,'1','2015-04-30 12:50:00'),
	('5542250a-26e8-4cdd-b9c2-07fcc0a8213a','READ','Project','10','{\"Project\":{\"id\":\"10\",\"owner_user_id\":\"2\",\"status_id\":\"4\",\"programme_id\":\"1\",\"title\":\"asdfasdf\",\"summary\":\"sadfasdfasdf\",\"start_date\":\"2015-03-27\",\"finish_date\":\"2015-04-17\",\"value\":\"23423423\",\"created\":\"2015-03-27 11:04:28\",\"modified\":\"2015-04-30 12:41:57\"},\"Status\":{\"id\":\"4\",\"name\":\"Rejected\",\"short_name\":\"rejected\",\"sort_order\":\"2\"},\"Programme\":{\"id\":\"1\",\"name\":\"Africa\",\"sort_order\":\"1\"},\"OwnerUser\":{\"id\":\"2\",\"username\":\"test\",\"first_name\":\"Alice\",\"last_name\":\"LAST NAME\",\"name\":\"test\"},\"Projectnote\":[{\"id\":\"3\",\"project_id\":\"10\",\"user_id\":\"3\",\"content\":\"test\",\"deleted\":false,\"created\":\"2015-04-17 11:42:41\",\"User\":{\"id\":\"3\",\"username\":\"crista\",\"first_name\":\"Crista\",\"last_name\":\"LAST NAME\",\"name\":\"crista\"}},{\"id\":\"4\",\"project_id\":\"10\",\"user_id\":\"3\",\"content\":\"test\",\"deleted\":false,\"created\":\"2015-04-17 11:44:17\",\"User\":{\"id\":\"3\",\"username\":\"crista\",\"first_name\":\"Crista\",\"last_name\":\"LAST NAME\",\"name\":\"crista\"}},{\"id\":\"14\",\"project_id\":\"10\",\"user_id\":\"3\",\"content\":\"adfasfd\",\"deleted\":false,\"created\":\"2015-04-17 12:18:04\",\"User\":{\"id\":\"3\",\"username\":\"crista\",\"first_name\":\"Crista\",\"last_name\":\"LAST NAME\",\"name\":\"crista\"}},{\"id\":\"33\",\"project_id\":\"10\",\"user_id\":\"1\",\"content\":\"asdfsadf\",\"deleted\":false,\"created\":\"2015-04-30 12:19:11\",\"User\":{\"id\":\"1\",\"username\":\"admin\",\"first_name\":\"Bob\",\"last_name\":\"LAST NAME\",\"name\":\"admin\"}}],\"Contract\":[]}',NULL,'1','2015-04-30 12:50:18'),
	('55422513-5098-4b47-bbbc-06cac0a8213a','READ','Project','10','{\"Project\":{\"id\":\"10\",\"owner_user_id\":\"2\",\"status_id\":\"4\",\"programme_id\":\"1\",\"title\":\"asdfasdf\",\"summary\":\"sadfasdfasdf\",\"start_date\":\"2015-03-27\",\"finish_date\":\"2015-04-17\",\"value\":\"23423423\",\"created\":\"2015-03-27 11:04:28\",\"modified\":\"2015-04-30 12:41:57\"},\"Status\":{\"id\":\"4\",\"name\":\"Rejected\",\"short_name\":\"rejected\",\"sort_order\":\"2\"},\"Programme\":{\"id\":\"1\",\"name\":\"Africa\",\"sort_order\":\"1\"},\"OwnerUser\":{\"id\":\"2\",\"username\":\"test\",\"first_name\":\"Alice\",\"last_name\":\"LAST NAME\",\"name\":\"test\"},\"Projectnote\":[{\"id\":\"3\",\"project_id\":\"10\",\"user_id\":\"3\",\"content\":\"test\",\"deleted\":false,\"created\":\"2015-04-17 11:42:41\",\"User\":{\"id\":\"3\",\"username\":\"crista\",\"first_name\":\"Crista\",\"last_name\":\"LAST NAME\",\"name\":\"crista\"}},{\"id\":\"4\",\"project_id\":\"10\",\"user_id\":\"3\",\"content\":\"test\",\"deleted\":false,\"created\":\"2015-04-17 11:44:17\",\"User\":{\"id\":\"3\",\"username\":\"crista\",\"first_name\":\"Crista\",\"last_name\":\"LAST NAME\",\"name\":\"crista\"}},{\"id\":\"14\",\"project_id\":\"10\",\"user_id\":\"3\",\"content\":\"adfasfd\",\"deleted\":false,\"created\":\"2015-04-17 12:18:04\",\"User\":{\"id\":\"3\",\"username\":\"crista\",\"first_name\":\"Crista\",\"last_name\":\"LAST NAME\",\"name\":\"crista\"}},{\"id\":\"33\",\"project_id\":\"10\",\"user_id\":\"1\",\"content\":\"asdfsadf\",\"deleted\":false,\"created\":\"2015-04-30 12:19:11\",\"User\":{\"id\":\"1\",\"username\":\"admin\",\"first_name\":\"Bob\",\"last_name\":\"LAST NAME\",\"name\":\"admin\"}}],\"Contract\":[{\"id\":\"16\",\"project_id\":\"10\",\"donor_id\":\"1\",\"currency_id\":\"2\",\"deleted\":false,\"created\":\"2015-04-30 12:19:00\",\"modified\":\"2015-04-30 12:41:57\",\"Donor\":{\"id\":\"1\",\"name\":\"Donor Name #1\",\"created\":null},\"Currency\":{\"id\":\"2\",\"name\":\"US Dollars\",\"code\":\"USD\"},\"Payment\":[{\"id\":\"4\",\"project_id\":null,\"contract_id\":\"16\",\"date\":\"2015-04-03\",\"value_donor_currency\":\"234.00\",\"value_gbp\":\"34234.00\",\"received\":true,\"deleted\":false,\"created\":\"2015-04-30 12:19:00\",\"modified\":\"2015-04-30 12:41:57\"},{\"id\":\"5\",\"project_id\":null,\"contract_id\":\"16\",\"date\":\"2015-04-16\",\"value_donor_currency\":\"2344.00\",\"value_gbp\":\"234.00\",\"received\":false,\"deleted\":false,\"created\":\"2015-04-30 12:19:00\",\"modified\":\"2015-04-30 12:41:57\"}]},{\"id\":\"15\",\"project_id\":\"10\",\"donor_id\":\"1\",\"currency_id\":\"3\",\"deleted\":false,\"created\":\"2015-04-30 09:58:30\",\"modified\":\"2015-04-30 12:41:57\",\"Donor\":{\"id\":\"1\",\"name\":\"Donor Name #1\",\"created\":null},\"Currency\":{\"id\":\"3\",\"name\":\"Swiss Francs\",\"code\":\"CHF\"},\"Payment\":[{\"id\":\"3\",\"project_id\":null,\"contract_id\":\"15\",\"date\":\"2015-04-01\",\"value_donor_currency\":\"1.00\",\"value_gbp\":\"2.00\",\"received\":true,\"deleted\":false,\"created\":\"2015-04-30 10:09:00\",\"modified\":\"2015-04-30 12:41:57\"},{\"id\":\"2\",\"project_id\":null,\"contract_id\":\"15\",\"date\":\"2015-04-10\",\"value_donor_currency\":\"3.00\",\"value_gbp\":\"4.00\",\"received\":true,\"deleted\":false,\"created\":\"2015-04-30 09:58:30\",\"modified\":\"2015-04-30 12:41:57\"},{\"id\":\"6\",\"project_id\":null,\"contract_id\":\"15\",\"date\":\"2015-04-10\",\"value_donor_currency\":\"900.00\",\"value_gbp\":\"31.00\",\"received\":true,\"deleted\":false,\"created\":\"2015-04-30 12:19:00\",\"modified\":\"2015-04-30 12:41:57\"},{\"id\":\"7\",\"project_id\":null,\"contract_id\":\"15\",\"date\":\"2015-04-18\",\"value_donor_currency\":\"23432.00\",\"value_gbp\":\"2342.00\",\"received\":true,\"deleted\":false,\"created\":\"2015-04-30 12:19:00\",\"modified\":\"2015-04-30 12:41:57\"}]}]}',NULL,'1','2015-04-30 12:50:27'),
	('5542263a-420c-416f-a5d1-0824c0a8213a','READ','Project','10','{\"Project\":{\"id\":\"10\",\"owner_user_id\":\"2\",\"status_id\":\"4\",\"programme_id\":\"1\",\"title\":\"asdfasdf\",\"summary\":\"sadfasdfasdf\",\"start_date\":\"2015-03-27\",\"finish_date\":\"2015-04-17\",\"value\":\"23423423\",\"created\":\"2015-03-27 11:04:28\",\"modified\":\"2015-04-30 12:41:57\"},\"Status\":{\"id\":\"4\",\"name\":\"Rejected\",\"short_name\":\"rejected\",\"sort_order\":\"2\"},\"Programme\":{\"id\":\"1\",\"name\":\"Africa\",\"sort_order\":\"1\"},\"OwnerUser\":{\"id\":\"2\",\"username\":\"test\",\"first_name\":\"Alice\",\"last_name\":\"LAST NAME\",\"name\":\"test\"},\"Projectnote\":[{\"id\":\"3\",\"project_id\":\"10\",\"user_id\":\"3\",\"content\":\"test\",\"deleted\":false,\"created\":\"2015-04-17 11:42:41\",\"User\":{\"id\":\"3\",\"username\":\"crista\",\"first_name\":\"Crista\",\"last_name\":\"LAST NAME\",\"name\":\"crista\"}},{\"id\":\"4\",\"project_id\":\"10\",\"user_id\":\"3\",\"content\":\"test\",\"deleted\":false,\"created\":\"2015-04-17 11:44:17\",\"User\":{\"id\":\"3\",\"username\":\"crista\",\"first_name\":\"Crista\",\"last_name\":\"LAST NAME\",\"name\":\"crista\"}},{\"id\":\"14\",\"project_id\":\"10\",\"user_id\":\"3\",\"content\":\"adfasfd\",\"deleted\":false,\"created\":\"2015-04-17 12:18:04\",\"User\":{\"id\":\"3\",\"username\":\"crista\",\"first_name\":\"Crista\",\"last_name\":\"LAST NAME\",\"name\":\"crista\"}},{\"id\":\"33\",\"project_id\":\"10\",\"user_id\":\"1\",\"content\":\"asdfsadf\",\"deleted\":false,\"created\":\"2015-04-30 12:19:11\",\"User\":{\"id\":\"1\",\"username\":\"admin\",\"first_name\":\"Bob\",\"last_name\":\"LAST NAME\",\"name\":\"admin\"}}],\"Contract\":[{\"id\":\"16\",\"project_id\":\"10\",\"donor_id\":\"1\",\"currency_id\":\"2\",\"deleted\":false,\"created\":\"2015-04-30 12:19:00\",\"modified\":\"2015-04-30 12:41:57\",\"Donor\":{\"id\":\"1\",\"name\":\"Donor Name #1\",\"created\":null},\"Currency\":{\"id\":\"2\",\"name\":\"US Dollars\",\"code\":\"USD\"},\"Payment\":[{\"id\":\"4\",\"project_id\":null,\"contract_id\":\"16\",\"date\":\"2015-04-03\",\"value_donor_currency\":\"234.00\",\"value_gbp\":\"34234.00\",\"received\":true,\"deleted\":false,\"created\":\"2015-04-30 12:19:00\",\"modified\":\"2015-04-30 12:41:57\"},{\"id\":\"5\",\"project_id\":null,\"contract_id\":\"16\",\"date\":\"2015-04-16\",\"value_donor_currency\":\"2344.00\",\"value_gbp\":\"234.00\",\"received\":false,\"deleted\":false,\"created\":\"2015-04-30 12:19:00\",\"modified\":\"2015-04-30 12:41:57\"}]},{\"id\":\"15\",\"project_id\":\"10\",\"donor_id\":\"1\",\"currency_id\":\"3\",\"deleted\":false,\"created\":\"2015-04-30 09:58:30\",\"modified\":\"2015-04-30 12:41:57\",\"Donor\":{\"id\":\"1\",\"name\":\"Donor Name #1\",\"created\":null},\"Currency\":{\"id\":\"3\",\"name\":\"Swiss Francs\",\"code\":\"CHF\"},\"Payment\":[{\"id\":\"3\",\"project_id\":null,\"contract_id\":\"15\",\"date\":\"2015-04-01\",\"value_donor_currency\":\"1.00\",\"value_gbp\":\"2.00\",\"received\":true,\"deleted\":false,\"created\":\"2015-04-30 10:09:00\",\"modified\":\"2015-04-30 12:41:57\"},{\"id\":\"2\",\"project_id\":null,\"contract_id\":\"15\",\"date\":\"2015-04-10\",\"value_donor_currency\":\"3.00\",\"value_gbp\":\"4.00\",\"received\":true,\"deleted\":false,\"created\":\"2015-04-30 09:58:30\",\"modified\":\"2015-04-30 12:41:57\"},{\"id\":\"6\",\"project_id\":null,\"contract_id\":\"15\",\"date\":\"2015-04-10\",\"value_donor_currency\":\"900.00\",\"value_gbp\":\"31.00\",\"received\":true,\"deleted\":false,\"created\":\"2015-04-30 12:19:00\",\"modified\":\"2015-04-30 12:41:57\"},{\"id\":\"7\",\"project_id\":null,\"contract_id\":\"15\",\"date\":\"2015-04-18\",\"value_donor_currency\":\"23432.00\",\"value_gbp\":\"2342.00\",\"received\":true,\"deleted\":false,\"created\":\"2015-04-30 12:19:00\",\"modified\":\"2015-04-30 12:41:57\"}]}]}',NULL,'1','2015-04-30 12:55:22'),
	('55422699-05c8-4907-93a2-0808c0a8213a','READ','Project','10','{\"Project\":{\"id\":\"10\",\"owner_user_id\":\"2\",\"status_id\":\"4\",\"programme_id\":\"1\",\"title\":\"asdfasdf\",\"summary\":\"sadfasdfasdf\",\"start_date\":\"2015-03-27\",\"finish_date\":\"2015-04-17\",\"value\":\"23423423\",\"created\":\"2015-03-27 11:04:28\",\"modified\":\"2015-04-30 12:41:57\"},\"Status\":{\"id\":\"4\",\"name\":\"Rejected\",\"short_name\":\"rejected\",\"sort_order\":\"2\"},\"Programme\":{\"id\":\"1\",\"name\":\"Africa\",\"sort_order\":\"1\"},\"OwnerUser\":{\"id\":\"2\",\"username\":\"test\",\"first_name\":\"Alice\",\"last_name\":\"LAST NAME\",\"name\":\"test\"},\"Projectnote\":[{\"id\":\"3\",\"project_id\":\"10\",\"user_id\":\"3\",\"content\":\"test\",\"deleted\":false,\"created\":\"2015-04-17 11:42:41\",\"User\":{\"id\":\"3\",\"username\":\"crista\",\"first_name\":\"Crista\",\"last_name\":\"LAST NAME\",\"name\":\"crista\"}},{\"id\":\"4\",\"project_id\":\"10\",\"user_id\":\"3\",\"content\":\"test\",\"deleted\":false,\"created\":\"2015-04-17 11:44:17\",\"User\":{\"id\":\"3\",\"username\":\"crista\",\"first_name\":\"Crista\",\"last_name\":\"LAST NAME\",\"name\":\"crista\"}},{\"id\":\"14\",\"project_id\":\"10\",\"user_id\":\"3\",\"content\":\"adfasfd\",\"deleted\":false,\"created\":\"2015-04-17 12:18:04\",\"User\":{\"id\":\"3\",\"username\":\"crista\",\"first_name\":\"Crista\",\"last_name\":\"LAST NAME\",\"name\":\"crista\"}},{\"id\":\"33\",\"project_id\":\"10\",\"user_id\":\"1\",\"content\":\"asdfsadf\",\"deleted\":false,\"created\":\"2015-04-30 12:19:11\",\"User\":{\"id\":\"1\",\"username\":\"admin\",\"first_name\":\"Bob\",\"last_name\":\"LAST NAME\",\"name\":\"admin\"}}],\"Contract\":[{\"id\":\"16\",\"project_id\":\"10\",\"donor_id\":\"1\",\"currency_id\":\"2\",\"deleted\":false,\"created\":\"2015-04-30 12:19:00\",\"modified\":\"2015-04-30 12:41:57\",\"Donor\":{\"id\":\"1\",\"name\":\"Donor Name #1\",\"created\":null},\"Currency\":{\"id\":\"2\",\"name\":\"US Dollars\",\"code\":\"USD\"},\"Payment\":[{\"id\":\"4\",\"project_id\":null,\"contract_id\":\"16\",\"date\":\"2015-04-03\",\"value_donor_currency\":\"234.00\",\"value_gbp\":\"34234.00\",\"received\":true,\"deleted\":false,\"created\":\"2015-04-30 12:19:00\",\"modified\":\"2015-04-30 12:41:57\"},{\"id\":\"5\",\"project_id\":null,\"contract_id\":\"16\",\"date\":\"2015-04-16\",\"value_donor_currency\":\"2344.00\",\"value_gbp\":\"234.00\",\"received\":false,\"deleted\":false,\"created\":\"2015-04-30 12:19:00\",\"modified\":\"2015-04-30 12:41:57\"}]},{\"id\":\"15\",\"project_id\":\"10\",\"donor_id\":\"1\",\"currency_id\":\"3\",\"deleted\":false,\"created\":\"2015-04-30 09:58:30\",\"modified\":\"2015-04-30 12:41:57\",\"Donor\":{\"id\":\"1\",\"name\":\"Donor Name #1\",\"created\":null},\"Currency\":{\"id\":\"3\",\"name\":\"Swiss Francs\",\"code\":\"CHF\"},\"Payment\":[{\"id\":\"3\",\"project_id\":null,\"contract_id\":\"15\",\"date\":\"2015-04-01\",\"value_donor_currency\":\"1.00\",\"value_gbp\":\"2.00\",\"received\":true,\"deleted\":false,\"created\":\"2015-04-30 10:09:00\",\"modified\":\"2015-04-30 12:41:57\"},{\"id\":\"2\",\"project_id\":null,\"contract_id\":\"15\",\"date\":\"2015-04-10\",\"value_donor_currency\":\"3.00\",\"value_gbp\":\"4.00\",\"received\":true,\"deleted\":false,\"created\":\"2015-04-30 09:58:30\",\"modified\":\"2015-04-30 12:41:57\"},{\"id\":\"6\",\"project_id\":null,\"contract_id\":\"15\",\"date\":\"2015-04-10\",\"value_donor_currency\":\"900.00\",\"value_gbp\":\"31.00\",\"received\":true,\"deleted\":false,\"created\":\"2015-04-30 12:19:00\",\"modified\":\"2015-04-30 12:41:57\"},{\"id\":\"7\",\"project_id\":null,\"contract_id\":\"15\",\"date\":\"2015-04-18\",\"value_donor_currency\":\"23432.00\",\"value_gbp\":\"2342.00\",\"received\":true,\"deleted\":false,\"created\":\"2015-04-30 12:19:00\",\"modified\":\"2015-04-30 12:41:57\"}]}]}',NULL,'1','2015-04-30 12:56:57'),
	('554226b0-49cc-478d-9e96-0a6cc0a8213a','READ','Project','10','{\"Project\":{\"id\":\"10\",\"owner_user_id\":\"2\",\"status_id\":\"4\",\"programme_id\":\"1\",\"title\":\"asdfasdf\",\"summary\":\"sadfasdfasdf\",\"start_date\":\"2015-03-27\",\"finish_date\":\"2015-04-17\",\"value\":\"23423423\",\"created\":\"2015-03-27 11:04:28\",\"modified\":\"2015-04-30 12:41:57\"},\"Status\":{\"id\":\"4\",\"name\":\"Rejected\",\"short_name\":\"rejected\",\"sort_order\":\"2\"},\"Programme\":{\"id\":\"1\",\"name\":\"Africa\",\"sort_order\":\"1\"},\"OwnerUser\":{\"id\":\"2\",\"username\":\"test\",\"first_name\":\"Alice\",\"last_name\":\"LAST NAME\",\"name\":\"test\"},\"Projectnote\":[{\"id\":\"3\",\"project_id\":\"10\",\"user_id\":\"3\",\"content\":\"test\",\"deleted\":false,\"created\":\"2015-04-17 11:42:41\",\"User\":{\"id\":\"3\",\"username\":\"crista\",\"first_name\":\"Crista\",\"last_name\":\"LAST NAME\",\"name\":\"crista\"}},{\"id\":\"4\",\"project_id\":\"10\",\"user_id\":\"3\",\"content\":\"test\",\"deleted\":false,\"created\":\"2015-04-17 11:44:17\",\"User\":{\"id\":\"3\",\"username\":\"crista\",\"first_name\":\"Crista\",\"last_name\":\"LAST NAME\",\"name\":\"crista\"}},{\"id\":\"14\",\"project_id\":\"10\",\"user_id\":\"3\",\"content\":\"adfasfd\",\"deleted\":false,\"created\":\"2015-04-17 12:18:04\",\"User\":{\"id\":\"3\",\"username\":\"crista\",\"first_name\":\"Crista\",\"last_name\":\"LAST NAME\",\"name\":\"crista\"}},{\"id\":\"33\",\"project_id\":\"10\",\"user_id\":\"1\",\"content\":\"asdfsadf\",\"deleted\":false,\"created\":\"2015-04-30 12:19:11\",\"User\":{\"id\":\"1\",\"username\":\"admin\",\"first_name\":\"Bob\",\"last_name\":\"LAST NAME\",\"name\":\"admin\"}}],\"Contract\":[{\"id\":\"16\",\"project_id\":\"10\",\"donor_id\":\"1\",\"currency_id\":\"2\",\"deleted\":false,\"created\":\"2015-04-30 12:19:00\",\"modified\":\"2015-04-30 12:41:57\",\"Donor\":{\"id\":\"1\",\"name\":\"Donor Name #1\",\"created\":null},\"Currency\":{\"id\":\"2\",\"name\":\"US Dollars\",\"code\":\"USD\"},\"Payment\":[{\"id\":\"4\",\"project_id\":null,\"contract_id\":\"16\",\"date\":\"2015-04-03\",\"value_donor_currency\":\"234.00\",\"value_gbp\":\"34234.00\",\"received\":true,\"deleted\":false,\"created\":\"2015-04-30 12:19:00\",\"modified\":\"2015-04-30 12:41:57\"},{\"id\":\"5\",\"project_id\":null,\"contract_id\":\"16\",\"date\":\"2015-04-16\",\"value_donor_currency\":\"2344.00\",\"value_gbp\":\"234.00\",\"received\":false,\"deleted\":false,\"created\":\"2015-04-30 12:19:00\",\"modified\":\"2015-04-30 12:41:57\"}]},{\"id\":\"15\",\"project_id\":\"10\",\"donor_id\":\"1\",\"currency_id\":\"3\",\"deleted\":false,\"created\":\"2015-04-30 09:58:30\",\"modified\":\"2015-04-30 12:41:57\",\"Donor\":{\"id\":\"1\",\"name\":\"Donor Name #1\",\"created\":null},\"Currency\":{\"id\":\"3\",\"name\":\"Swiss Francs\",\"code\":\"CHF\"},\"Payment\":[{\"id\":\"3\",\"project_id\":null,\"contract_id\":\"15\",\"date\":\"2015-04-01\",\"value_donor_currency\":\"1.00\",\"value_gbp\":\"2.00\",\"received\":true,\"deleted\":false,\"created\":\"2015-04-30 10:09:00\",\"modified\":\"2015-04-30 12:41:57\"},{\"id\":\"2\",\"project_id\":null,\"contract_id\":\"15\",\"date\":\"2015-04-10\",\"value_donor_currency\":\"3.00\",\"value_gbp\":\"4.00\",\"received\":true,\"deleted\":false,\"created\":\"2015-04-30 09:58:30\",\"modified\":\"2015-04-30 12:41:57\"},{\"id\":\"6\",\"project_id\":null,\"contract_id\":\"15\",\"date\":\"2015-04-10\",\"value_donor_currency\":\"900.00\",\"value_gbp\":\"31.00\",\"received\":true,\"deleted\":false,\"created\":\"2015-04-30 12:19:00\",\"modified\":\"2015-04-30 12:41:57\"},{\"id\":\"7\",\"project_id\":null,\"contract_id\":\"15\",\"date\":\"2015-04-18\",\"value_donor_currency\":\"23432.00\",\"value_gbp\":\"2342.00\",\"received\":true,\"deleted\":false,\"created\":\"2015-04-30 12:19:00\",\"modified\":\"2015-04-30 12:41:57\"}]}]}',NULL,'1','2015-04-30 12:57:20'),
	('5542272b-e708-4746-a0fd-0824c0a8213a','READ','Project','10','{\"Project\":{\"id\":\"10\",\"owner_user_id\":\"2\",\"status_id\":\"4\",\"programme_id\":\"1\",\"title\":\"asdfasdf\",\"summary\":\"sadfasdfasdf\",\"start_date\":\"2015-03-27\",\"finish_date\":\"2015-04-17\",\"value\":\"23423423\",\"created\":\"2015-03-27 11:04:28\",\"modified\":\"2015-04-30 12:41:57\"},\"Status\":{\"id\":\"4\",\"name\":\"Rejected\",\"short_name\":\"rejected\",\"sort_order\":\"2\"},\"Programme\":{\"id\":\"1\",\"name\":\"Africa\",\"sort_order\":\"1\"},\"OwnerUser\":{\"id\":\"2\",\"username\":\"test\",\"first_name\":\"Alice\",\"last_name\":\"LAST NAME\",\"name\":\"test\"},\"Projectnote\":[{\"id\":\"3\",\"project_id\":\"10\",\"user_id\":\"3\",\"content\":\"test\",\"deleted\":false,\"created\":\"2015-04-17 11:42:41\",\"User\":{\"id\":\"3\",\"username\":\"crista\",\"first_name\":\"Crista\",\"last_name\":\"LAST NAME\",\"name\":\"crista\"}},{\"id\":\"4\",\"project_id\":\"10\",\"user_id\":\"3\",\"content\":\"test\",\"deleted\":false,\"created\":\"2015-04-17 11:44:17\",\"User\":{\"id\":\"3\",\"username\":\"crista\",\"first_name\":\"Crista\",\"last_name\":\"LAST NAME\",\"name\":\"crista\"}},{\"id\":\"14\",\"project_id\":\"10\",\"user_id\":\"3\",\"content\":\"adfasfd\",\"deleted\":false,\"created\":\"2015-04-17 12:18:04\",\"User\":{\"id\":\"3\",\"username\":\"crista\",\"first_name\":\"Crista\",\"last_name\":\"LAST NAME\",\"name\":\"crista\"}},{\"id\":\"33\",\"project_id\":\"10\",\"user_id\":\"1\",\"content\":\"asdfsadf\",\"deleted\":false,\"created\":\"2015-04-30 12:19:11\",\"User\":{\"id\":\"1\",\"username\":\"admin\",\"first_name\":\"Bob\",\"last_name\":\"LAST NAME\",\"name\":\"admin\"}}],\"Contract\":[{\"id\":\"16\",\"project_id\":\"10\",\"donor_id\":\"1\",\"currency_id\":\"2\",\"deleted\":false,\"created\":\"2015-04-30 12:19:00\",\"modified\":\"2015-04-30 12:41:57\",\"Donor\":{\"id\":\"1\",\"name\":\"Donor Name #1\",\"created\":null},\"Currency\":{\"id\":\"2\",\"name\":\"US Dollars\",\"code\":\"USD\"},\"Payment\":[{\"id\":\"4\",\"project_id\":null,\"contract_id\":\"16\",\"date\":\"2015-04-03\",\"value_donor_currency\":\"234.00\",\"value_gbp\":\"34234.00\",\"received\":true,\"deleted\":false,\"created\":\"2015-04-30 12:19:00\",\"modified\":\"2015-04-30 12:41:57\"},{\"id\":\"5\",\"project_id\":null,\"contract_id\":\"16\",\"date\":\"2015-04-16\",\"value_donor_currency\":\"2344.00\",\"value_gbp\":\"234.00\",\"received\":false,\"deleted\":false,\"created\":\"2015-04-30 12:19:00\",\"modified\":\"2015-04-30 12:41:57\"}]},{\"id\":\"15\",\"project_id\":\"10\",\"donor_id\":\"1\",\"currency_id\":\"3\",\"deleted\":false,\"created\":\"2015-04-30 09:58:30\",\"modified\":\"2015-04-30 12:41:57\",\"Donor\":{\"id\":\"1\",\"name\":\"Donor Name #1\",\"created\":null},\"Currency\":{\"id\":\"3\",\"name\":\"Swiss Francs\",\"code\":\"CHF\"},\"Payment\":[{\"id\":\"3\",\"project_id\":null,\"contract_id\":\"15\",\"date\":\"2015-04-01\",\"value_donor_currency\":\"1.00\",\"value_gbp\":\"2.00\",\"received\":true,\"deleted\":false,\"created\":\"2015-04-30 10:09:00\",\"modified\":\"2015-04-30 12:41:57\"},{\"id\":\"2\",\"project_id\":null,\"contract_id\":\"15\",\"date\":\"2015-04-10\",\"value_donor_currency\":\"3.00\",\"value_gbp\":\"4.00\",\"received\":true,\"deleted\":false,\"created\":\"2015-04-30 09:58:30\",\"modified\":\"2015-04-30 12:41:57\"},{\"id\":\"6\",\"project_id\":null,\"contract_id\":\"15\",\"date\":\"2015-04-10\",\"value_donor_currency\":\"900.00\",\"value_gbp\":\"31.00\",\"received\":true,\"deleted\":false,\"created\":\"2015-04-30 12:19:00\",\"modified\":\"2015-04-30 12:41:57\"},{\"id\":\"7\",\"project_id\":null,\"contract_id\":\"15\",\"date\":\"2015-04-18\",\"value_donor_currency\":\"23432.00\",\"value_gbp\":\"2342.00\",\"received\":true,\"deleted\":false,\"created\":\"2015-04-30 12:19:00\",\"modified\":\"2015-04-30 12:41:57\"}]}]}',NULL,'1','2015-04-30 12:59:23'),
	('5542278c-30d8-43f5-a076-07fcc0a8213a','READ','Project','10','{\"Project\":{\"id\":\"10\",\"owner_user_id\":\"2\",\"status_id\":\"4\",\"programme_id\":\"1\",\"title\":\"asdfasdf\",\"summary\":\"sadfasdfasdf\",\"start_date\":\"2015-03-27\",\"finish_date\":\"2015-04-17\",\"value\":\"23423423\",\"created\":\"2015-03-27 11:04:28\",\"modified\":\"2015-04-30 12:41:57\"},\"Status\":{\"id\":\"4\",\"name\":\"Rejected\",\"short_name\":\"rejected\",\"sort_order\":\"2\"},\"Programme\":{\"id\":\"1\",\"name\":\"Africa\",\"sort_order\":\"1\"},\"OwnerUser\":{\"id\":\"2\",\"username\":\"test\",\"first_name\":\"Alice\",\"last_name\":\"LAST NAME\",\"name\":\"test\"},\"Projectnote\":[{\"id\":\"3\",\"project_id\":\"10\",\"user_id\":\"3\",\"content\":\"test\",\"deleted\":false,\"created\":\"2015-04-17 11:42:41\",\"User\":{\"id\":\"3\",\"username\":\"crista\",\"first_name\":\"Crista\",\"last_name\":\"LAST NAME\",\"name\":\"crista\"}},{\"id\":\"4\",\"project_id\":\"10\",\"user_id\":\"3\",\"content\":\"test\",\"deleted\":false,\"created\":\"2015-04-17 11:44:17\",\"User\":{\"id\":\"3\",\"username\":\"crista\",\"first_name\":\"Crista\",\"last_name\":\"LAST NAME\",\"name\":\"crista\"}},{\"id\":\"14\",\"project_id\":\"10\",\"user_id\":\"3\",\"content\":\"adfasfd\",\"deleted\":false,\"created\":\"2015-04-17 12:18:04\",\"User\":{\"id\":\"3\",\"username\":\"crista\",\"first_name\":\"Crista\",\"last_name\":\"LAST NAME\",\"name\":\"crista\"}},{\"id\":\"33\",\"project_id\":\"10\",\"user_id\":\"1\",\"content\":\"asdfsadf\",\"deleted\":false,\"created\":\"2015-04-30 12:19:11\",\"User\":{\"id\":\"1\",\"username\":\"admin\",\"first_name\":\"Bob\",\"last_name\":\"LAST NAME\",\"name\":\"admin\"}}],\"Contract\":[{\"id\":\"16\",\"project_id\":\"10\",\"donor_id\":\"1\",\"currency_id\":\"2\",\"deleted\":false,\"created\":\"2015-04-30 12:19:00\",\"modified\":\"2015-04-30 12:41:57\",\"Donor\":{\"id\":\"1\",\"name\":\"Donor Name #1\",\"created\":null},\"Currency\":{\"id\":\"2\",\"name\":\"US Dollars\",\"code\":\"USD\"},\"Payment\":[{\"id\":\"4\",\"project_id\":null,\"contract_id\":\"16\",\"date\":\"2015-04-03\",\"value_donor_currency\":\"234.00\",\"value_gbp\":\"34234.00\",\"received\":true,\"deleted\":false,\"created\":\"2015-04-30 12:19:00\",\"modified\":\"2015-04-30 12:41:57\"},{\"id\":\"5\",\"project_id\":null,\"contract_id\":\"16\",\"date\":\"2015-04-16\",\"value_donor_currency\":\"2344.00\",\"value_gbp\":\"234.00\",\"received\":false,\"deleted\":false,\"created\":\"2015-04-30 12:19:00\",\"modified\":\"2015-04-30 12:41:57\"}]},{\"id\":\"15\",\"project_id\":\"10\",\"donor_id\":\"1\",\"currency_id\":\"3\",\"deleted\":false,\"created\":\"2015-04-30 09:58:30\",\"modified\":\"2015-04-30 12:41:57\",\"Donor\":{\"id\":\"1\",\"name\":\"Donor Name #1\",\"created\":null},\"Currency\":{\"id\":\"3\",\"name\":\"Swiss Francs\",\"code\":\"CHF\"},\"Payment\":[{\"id\":\"3\",\"project_id\":null,\"contract_id\":\"15\",\"date\":\"2015-04-01\",\"value_donor_currency\":\"1.00\",\"value_gbp\":\"2.00\",\"received\":true,\"deleted\":false,\"created\":\"2015-04-30 10:09:00\",\"modified\":\"2015-04-30 12:41:57\"},{\"id\":\"2\",\"project_id\":null,\"contract_id\":\"15\",\"date\":\"2015-04-10\",\"value_donor_currency\":\"3.00\",\"value_gbp\":\"4.00\",\"received\":true,\"deleted\":false,\"created\":\"2015-04-30 09:58:30\",\"modified\":\"2015-04-30 12:41:57\"},{\"id\":\"6\",\"project_id\":null,\"contract_id\":\"15\",\"date\":\"2015-04-10\",\"value_donor_currency\":\"900.00\",\"value_gbp\":\"31.00\",\"received\":true,\"deleted\":false,\"created\":\"2015-04-30 12:19:00\",\"modified\":\"2015-04-30 12:41:57\"},{\"id\":\"7\",\"project_id\":null,\"contract_id\":\"15\",\"date\":\"2015-04-18\",\"value_donor_currency\":\"23432.00\",\"value_gbp\":\"2342.00\",\"received\":true,\"deleted\":false,\"created\":\"2015-04-30 12:19:00\",\"modified\":\"2015-04-30 12:41:57\"}]}]}',NULL,'1','2015-04-30 13:01:00'),
	('554227b1-9474-4e3c-838a-06cac0a8213a','READ','Project','10','{\"Project\":{\"id\":\"10\",\"owner_user_id\":\"2\",\"status_id\":\"4\",\"programme_id\":\"1\",\"title\":\"asdfasdf\",\"summary\":\"sadfasdfasdf\",\"start_date\":\"2015-03-27\",\"finish_date\":\"2015-04-17\",\"value\":\"23423423\",\"created\":\"2015-03-27 11:04:28\",\"modified\":\"2015-04-30 12:41:57\"},\"Status\":{\"id\":\"4\",\"name\":\"Rejected\",\"short_name\":\"rejected\",\"sort_order\":\"2\"},\"Programme\":{\"id\":\"1\",\"name\":\"Africa\",\"sort_order\":\"1\"},\"OwnerUser\":{\"id\":\"2\",\"username\":\"test\",\"first_name\":\"Alice\",\"last_name\":\"LAST NAME\",\"name\":\"test\"},\"Projectnote\":[{\"id\":\"3\",\"project_id\":\"10\",\"user_id\":\"3\",\"content\":\"test\",\"deleted\":false,\"created\":\"2015-04-17 11:42:41\",\"User\":{\"id\":\"3\",\"username\":\"crista\",\"first_name\":\"Crista\",\"last_name\":\"LAST NAME\",\"name\":\"crista\"}},{\"id\":\"4\",\"project_id\":\"10\",\"user_id\":\"3\",\"content\":\"test\",\"deleted\":false,\"created\":\"2015-04-17 11:44:17\",\"User\":{\"id\":\"3\",\"username\":\"crista\",\"first_name\":\"Crista\",\"last_name\":\"LAST NAME\",\"name\":\"crista\"}},{\"id\":\"14\",\"project_id\":\"10\",\"user_id\":\"3\",\"content\":\"adfasfd\",\"deleted\":false,\"created\":\"2015-04-17 12:18:04\",\"User\":{\"id\":\"3\",\"username\":\"crista\",\"first_name\":\"Crista\",\"last_name\":\"LAST NAME\",\"name\":\"crista\"}},{\"id\":\"33\",\"project_id\":\"10\",\"user_id\":\"1\",\"content\":\"asdfsadf\",\"deleted\":false,\"created\":\"2015-04-30 12:19:11\",\"User\":{\"id\":\"1\",\"username\":\"admin\",\"first_name\":\"Bob\",\"last_name\":\"LAST NAME\",\"name\":\"admin\"}}],\"Contract\":[{\"id\":\"16\",\"project_id\":\"10\",\"donor_id\":\"1\",\"currency_id\":\"2\",\"deleted\":false,\"created\":\"2015-04-30 12:19:00\",\"modified\":\"2015-04-30 12:41:57\",\"Donor\":{\"id\":\"1\",\"name\":\"Donor Name #1\",\"created\":null},\"Currency\":{\"id\":\"2\",\"name\":\"US Dollars\",\"code\":\"USD\"},\"Payment\":[{\"id\":\"4\",\"project_id\":null,\"contract_id\":\"16\",\"date\":\"2015-04-03\",\"value_donor_currency\":\"234.00\",\"value_gbp\":\"34234.00\",\"received\":true,\"deleted\":false,\"created\":\"2015-04-30 12:19:00\",\"modified\":\"2015-04-30 12:41:57\"},{\"id\":\"5\",\"project_id\":null,\"contract_id\":\"16\",\"date\":\"2015-04-16\",\"value_donor_currency\":\"2344.00\",\"value_gbp\":\"234.00\",\"received\":false,\"deleted\":false,\"created\":\"2015-04-30 12:19:00\",\"modified\":\"2015-04-30 12:41:57\"}]},{\"id\":\"15\",\"project_id\":\"10\",\"donor_id\":\"1\",\"currency_id\":\"3\",\"deleted\":false,\"created\":\"2015-04-30 09:58:30\",\"modified\":\"2015-04-30 12:41:57\",\"Donor\":{\"id\":\"1\",\"name\":\"Donor Name #1\",\"created\":null},\"Currency\":{\"id\":\"3\",\"name\":\"Swiss Francs\",\"code\":\"CHF\"},\"Payment\":[{\"id\":\"3\",\"project_id\":null,\"contract_id\":\"15\",\"date\":\"2015-04-01\",\"value_donor_currency\":\"1.00\",\"value_gbp\":\"2.00\",\"received\":true,\"deleted\":false,\"created\":\"2015-04-30 10:09:00\",\"modified\":\"2015-04-30 12:41:57\"},{\"id\":\"2\",\"project_id\":null,\"contract_id\":\"15\",\"date\":\"2015-04-10\",\"value_donor_currency\":\"3.00\",\"value_gbp\":\"4.00\",\"received\":true,\"deleted\":false,\"created\":\"2015-04-30 09:58:30\",\"modified\":\"2015-04-30 12:41:57\"},{\"id\":\"6\",\"project_id\":null,\"contract_id\":\"15\",\"date\":\"2015-04-10\",\"value_donor_currency\":\"900.00\",\"value_gbp\":\"31.00\",\"received\":true,\"deleted\":false,\"created\":\"2015-04-30 12:19:00\",\"modified\":\"2015-04-30 12:41:57\"},{\"id\":\"7\",\"project_id\":null,\"contract_id\":\"15\",\"date\":\"2015-04-18\",\"value_donor_currency\":\"23432.00\",\"value_gbp\":\"2342.00\",\"received\":true,\"deleted\":false,\"created\":\"2015-04-30 12:19:00\",\"modified\":\"2015-04-30 12:41:57\"}]}]}',NULL,'1','2015-04-30 13:01:37'),
	('55422899-a13c-4324-a9ff-0a87c0a8213a','READ','Project','10','{\"Project\":{\"id\":\"10\",\"owner_user_id\":\"2\",\"status_id\":\"4\",\"programme_id\":\"1\",\"title\":\"asdfasdf\",\"summary\":\"sadfasdfasdf\",\"start_date\":\"2015-03-27\",\"finish_date\":\"2015-04-17\",\"value\":\"23423423\",\"shortfall\":null,\"created\":\"2015-03-27 11:04:28\",\"modified\":\"2015-04-30 12:41:57\"},\"Status\":{\"id\":\"4\",\"name\":\"Rejected\",\"short_name\":\"rejected\",\"sort_order\":\"2\"},\"Programme\":{\"id\":\"1\",\"name\":\"Africa\",\"sort_order\":\"1\"},\"OwnerUser\":{\"id\":\"2\",\"username\":\"test\",\"first_name\":\"Alice\",\"last_name\":\"LAST NAME\",\"name\":\"test\"},\"Projectnote\":[{\"id\":\"3\",\"project_id\":\"10\",\"user_id\":\"3\",\"content\":\"test\",\"deleted\":false,\"created\":\"2015-04-17 11:42:41\",\"User\":{\"id\":\"3\",\"username\":\"crista\",\"first_name\":\"Crista\",\"last_name\":\"LAST NAME\",\"name\":\"crista\"}},{\"id\":\"4\",\"project_id\":\"10\",\"user_id\":\"3\",\"content\":\"test\",\"deleted\":false,\"created\":\"2015-04-17 11:44:17\",\"User\":{\"id\":\"3\",\"username\":\"crista\",\"first_name\":\"Crista\",\"last_name\":\"LAST NAME\",\"name\":\"crista\"}},{\"id\":\"14\",\"project_id\":\"10\",\"user_id\":\"3\",\"content\":\"adfasfd\",\"deleted\":false,\"created\":\"2015-04-17 12:18:04\",\"User\":{\"id\":\"3\",\"username\":\"crista\",\"first_name\":\"Crista\",\"last_name\":\"LAST NAME\",\"name\":\"crista\"}},{\"id\":\"33\",\"project_id\":\"10\",\"user_id\":\"1\",\"content\":\"asdfsadf\",\"deleted\":false,\"created\":\"2015-04-30 12:19:11\",\"User\":{\"id\":\"1\",\"username\":\"admin\",\"first_name\":\"Bob\",\"last_name\":\"LAST NAME\",\"name\":\"admin\"}}],\"Contract\":[{\"id\":\"16\",\"project_id\":\"10\",\"donor_id\":\"1\",\"currency_id\":\"2\",\"deleted\":false,\"created\":\"2015-04-30 12:19:00\",\"modified\":\"2015-04-30 12:41:57\",\"Donor\":{\"id\":\"1\",\"name\":\"Donor Name #1\",\"created\":null},\"Currency\":{\"id\":\"2\",\"name\":\"US Dollars\",\"code\":\"USD\"},\"Payment\":[{\"id\":\"4\",\"project_id\":null,\"contract_id\":\"16\",\"date\":\"2015-04-03\",\"value_donor_currency\":\"234.00\",\"value_gbp\":\"34234.00\",\"received\":true,\"deleted\":false,\"created\":\"2015-04-30 12:19:00\",\"modified\":\"2015-04-30 12:41:57\"},{\"id\":\"5\",\"project_id\":null,\"contract_id\":\"16\",\"date\":\"2015-04-16\",\"value_donor_currency\":\"2344.00\",\"value_gbp\":\"234.00\",\"received\":false,\"deleted\":false,\"created\":\"2015-04-30 12:19:00\",\"modified\":\"2015-04-30 12:41:57\"}]},{\"id\":\"15\",\"project_id\":\"10\",\"donor_id\":\"1\",\"currency_id\":\"3\",\"deleted\":false,\"created\":\"2015-04-30 09:58:30\",\"modified\":\"2015-04-30 12:41:57\",\"Donor\":{\"id\":\"1\",\"name\":\"Donor Name #1\",\"created\":null},\"Currency\":{\"id\":\"3\",\"name\":\"Swiss Francs\",\"code\":\"CHF\"},\"Payment\":[{\"id\":\"3\",\"project_id\":null,\"contract_id\":\"15\",\"date\":\"2015-04-01\",\"value_donor_currency\":\"1.00\",\"value_gbp\":\"2.00\",\"received\":true,\"deleted\":false,\"created\":\"2015-04-30 10:09:00\",\"modified\":\"2015-04-30 12:41:57\"},{\"id\":\"2\",\"project_id\":null,\"contract_id\":\"15\",\"date\":\"2015-04-10\",\"value_donor_currency\":\"3.00\",\"value_gbp\":\"4.00\",\"received\":true,\"deleted\":false,\"created\":\"2015-04-30 09:58:30\",\"modified\":\"2015-04-30 12:41:57\"},{\"id\":\"6\",\"project_id\":null,\"contract_id\":\"15\",\"date\":\"2015-04-10\",\"value_donor_currency\":\"900.00\",\"value_gbp\":\"31.00\",\"received\":true,\"deleted\":false,\"created\":\"2015-04-30 12:19:00\",\"modified\":\"2015-04-30 12:41:57\"},{\"id\":\"7\",\"project_id\":null,\"contract_id\":\"15\",\"date\":\"2015-04-18\",\"value_donor_currency\":\"23432.00\",\"value_gbp\":\"2342.00\",\"received\":true,\"deleted\":false,\"created\":\"2015-04-30 12:19:00\",\"modified\":\"2015-04-30 12:41:57\"}]}]}',NULL,'1','2015-04-30 13:05:29'),
	('554228a2-9f58-4fdd-9a13-0ab2c0a8213a','READ','Project','10','{\"Project\":{\"id\":\"10\",\"owner_user_id\":\"2\",\"status_id\":\"4\",\"programme_id\":\"1\",\"title\":\"asdfasdf\",\"summary\":\"sadfasdfasdf\",\"start_date\":\"2015-03-27\",\"finish_date\":\"2015-04-17\",\"value\":\"23423423\",\"shortfall\":null,\"created\":\"2015-03-27 11:04:28\",\"modified\":\"2015-04-30 12:41:57\"},\"Status\":{\"id\":\"4\",\"name\":\"Rejected\",\"short_name\":\"rejected\",\"sort_order\":\"2\"},\"Programme\":{\"id\":\"1\",\"name\":\"Africa\",\"sort_order\":\"1\"},\"OwnerUser\":{\"id\":\"2\",\"username\":\"test\",\"first_name\":\"Alice\",\"last_name\":\"LAST NAME\",\"name\":\"test\"},\"Projectnote\":[{\"id\":\"3\",\"project_id\":\"10\",\"user_id\":\"3\",\"content\":\"test\",\"deleted\":false,\"created\":\"2015-04-17 11:42:41\",\"User\":{\"id\":\"3\",\"username\":\"crista\",\"first_name\":\"Crista\",\"last_name\":\"LAST NAME\",\"name\":\"crista\"}},{\"id\":\"4\",\"project_id\":\"10\",\"user_id\":\"3\",\"content\":\"test\",\"deleted\":false,\"created\":\"2015-04-17 11:44:17\",\"User\":{\"id\":\"3\",\"username\":\"crista\",\"first_name\":\"Crista\",\"last_name\":\"LAST NAME\",\"name\":\"crista\"}},{\"id\":\"14\",\"project_id\":\"10\",\"user_id\":\"3\",\"content\":\"adfasfd\",\"deleted\":false,\"created\":\"2015-04-17 12:18:04\",\"User\":{\"id\":\"3\",\"username\":\"crista\",\"first_name\":\"Crista\",\"last_name\":\"LAST NAME\",\"name\":\"crista\"}},{\"id\":\"33\",\"project_id\":\"10\",\"user_id\":\"1\",\"content\":\"asdfsadf\",\"deleted\":false,\"created\":\"2015-04-30 12:19:11\",\"User\":{\"id\":\"1\",\"username\":\"admin\",\"first_name\":\"Bob\",\"last_name\":\"LAST NAME\",\"name\":\"admin\"}}],\"Contract\":[{\"id\":\"16\",\"project_id\":\"10\",\"donor_id\":\"1\",\"currency_id\":\"2\",\"deleted\":false,\"created\":\"2015-04-30 12:19:00\",\"modified\":\"2015-04-30 12:41:57\",\"Donor\":{\"id\":\"1\",\"name\":\"Donor Name #1\",\"created\":null},\"Currency\":{\"id\":\"2\",\"name\":\"US Dollars\",\"code\":\"USD\"},\"Payment\":[{\"id\":\"4\",\"project_id\":null,\"contract_id\":\"16\",\"date\":\"2015-04-03\",\"value_donor_currency\":\"234.00\",\"value_gbp\":\"34234.00\",\"received\":true,\"deleted\":false,\"created\":\"2015-04-30 12:19:00\",\"modified\":\"2015-04-30 12:41:57\"},{\"id\":\"5\",\"project_id\":null,\"contract_id\":\"16\",\"date\":\"2015-04-16\",\"value_donor_currency\":\"2344.00\",\"value_gbp\":\"234.00\",\"received\":false,\"deleted\":false,\"created\":\"2015-04-30 12:19:00\",\"modified\":\"2015-04-30 12:41:57\"}]},{\"id\":\"15\",\"project_id\":\"10\",\"donor_id\":\"1\",\"currency_id\":\"3\",\"deleted\":false,\"created\":\"2015-04-30 09:58:30\",\"modified\":\"2015-04-30 12:41:57\",\"Donor\":{\"id\":\"1\",\"name\":\"Donor Name #1\",\"created\":null},\"Currency\":{\"id\":\"3\",\"name\":\"Swiss Francs\",\"code\":\"CHF\"},\"Payment\":[{\"id\":\"3\",\"project_id\":null,\"contract_id\":\"15\",\"date\":\"2015-04-01\",\"value_donor_currency\":\"1.00\",\"value_gbp\":\"2.00\",\"received\":true,\"deleted\":false,\"created\":\"2015-04-30 10:09:00\",\"modified\":\"2015-04-30 12:41:57\"},{\"id\":\"2\",\"project_id\":null,\"contract_id\":\"15\",\"date\":\"2015-04-10\",\"value_donor_currency\":\"3.00\",\"value_gbp\":\"4.00\",\"received\":true,\"deleted\":false,\"created\":\"2015-04-30 09:58:30\",\"modified\":\"2015-04-30 12:41:57\"},{\"id\":\"6\",\"project_id\":null,\"contract_id\":\"15\",\"date\":\"2015-04-10\",\"value_donor_currency\":\"900.00\",\"value_gbp\":\"31.00\",\"received\":true,\"deleted\":false,\"created\":\"2015-04-30 12:19:00\",\"modified\":\"2015-04-30 12:41:57\"},{\"id\":\"7\",\"project_id\":null,\"contract_id\":\"15\",\"date\":\"2015-04-18\",\"value_donor_currency\":\"23432.00\",\"value_gbp\":\"2342.00\",\"received\":true,\"deleted\":false,\"created\":\"2015-04-30 12:19:00\",\"modified\":\"2015-04-30 12:41:57\"}]}]}',NULL,'1','2015-04-30 13:05:38'),
	('55422b85-737c-4322-acd4-0ab2c0a8213a','EDIT','Project','10','{\"Project\":{\"id\":\"10\",\"owner_user_id\":\"2\",\"status_id\":\"4\",\"programme_id\":\"1\",\"title\":\"asdfasdf\",\"summary\":\"sadfasdfasdf\",\"start_date\":\"2015-03-27\",\"finish_date\":\"2015-04-17\",\"value_required\":\"23423423\",\"value_sourced\":\"36847\",\"created\":\"2015-03-27 11:04:28\",\"modified\":\"2015-04-30 13:17:57\",\"Country\":\"\",\"TeamMember\":\"\",\"Theme\":\"2\"}}',NULL,NULL,'2015-04-30 13:17:57'),
	('55422b85-b658-49e3-991a-0ab2c0a8213a','READ','Project','10','{\"Project\":{\"id\":\"10\",\"owner_user_id\":\"2\",\"status_id\":\"4\",\"programme_id\":\"1\",\"title\":\"asdfasdf\",\"summary\":\"sadfasdfasdf\",\"start_date\":\"2015-03-27\",\"finish_date\":\"2015-04-17\",\"value_required\":\"23423423\",\"value_sourced\":\"36847\",\"created\":\"2015-03-27 11:04:28\",\"modified\":\"2015-04-30 13:17:57\"},\"Status\":{\"id\":\"4\",\"name\":\"Rejected\",\"short_name\":\"rejected\",\"sort_order\":\"2\"},\"Programme\":{\"id\":\"1\",\"name\":\"Africa\",\"sort_order\":\"1\"},\"OwnerUser\":{\"id\":\"2\",\"username\":\"test\",\"first_name\":\"Alice\",\"last_name\":\"LAST NAME\",\"name\":\"test\"},\"Projectnote\":[{\"id\":\"3\",\"project_id\":\"10\",\"user_id\":\"3\",\"content\":\"test\",\"deleted\":false,\"created\":\"2015-04-17 11:42:41\",\"User\":{\"id\":\"3\",\"username\":\"crista\",\"first_name\":\"Crista\",\"last_name\":\"LAST NAME\",\"name\":\"crista\"}},{\"id\":\"4\",\"project_id\":\"10\",\"user_id\":\"3\",\"content\":\"test\",\"deleted\":false,\"created\":\"2015-04-17 11:44:17\",\"User\":{\"id\":\"3\",\"username\":\"crista\",\"first_name\":\"Crista\",\"last_name\":\"LAST NAME\",\"name\":\"crista\"}},{\"id\":\"14\",\"project_id\":\"10\",\"user_id\":\"3\",\"content\":\"adfasfd\",\"deleted\":false,\"created\":\"2015-04-17 12:18:04\",\"User\":{\"id\":\"3\",\"username\":\"crista\",\"first_name\":\"Crista\",\"last_name\":\"LAST NAME\",\"name\":\"crista\"}},{\"id\":\"33\",\"project_id\":\"10\",\"user_id\":\"1\",\"content\":\"asdfsadf\",\"deleted\":false,\"created\":\"2015-04-30 12:19:11\",\"User\":{\"id\":\"1\",\"username\":\"admin\",\"first_name\":\"Bob\",\"last_name\":\"LAST NAME\",\"name\":\"admin\"}}],\"Contract\":[{\"id\":\"16\",\"project_id\":\"10\",\"donor_id\":\"1\",\"currency_id\":null,\"deleted\":false,\"created\":\"2015-04-30 12:19:00\",\"modified\":\"2015-04-30 13:17:57\",\"Donor\":{\"id\":\"1\",\"name\":\"Donor Name #1\",\"created\":null},\"Currency\":[],\"Payment\":[{\"id\":\"4\",\"project_id\":null,\"contract_id\":\"16\",\"date\":\"2015-04-03\",\"value_donor_currency\":\"234.00\",\"value_gbp\":\"34234.00\",\"received\":true,\"deleted\":false,\"created\":\"2015-04-30 12:19:00\",\"modified\":\"2015-04-30 13:17:57\"},{\"id\":\"5\",\"project_id\":null,\"contract_id\":\"16\",\"date\":\"2015-04-16\",\"value_donor_currency\":\"2344.00\",\"value_gbp\":\"234.00\",\"received\":false,\"deleted\":false,\"created\":\"2015-04-30 12:19:00\",\"modified\":\"2015-04-30 13:17:57\"}]},{\"id\":\"15\",\"project_id\":\"10\",\"donor_id\":\"1\",\"currency_id\":null,\"deleted\":false,\"created\":\"2015-04-30 09:58:30\",\"modified\":\"2015-04-30 13:17:57\",\"Donor\":{\"id\":\"1\",\"name\":\"Donor Name #1\",\"created\":null},\"Currency\":[],\"Payment\":[{\"id\":\"3\",\"project_id\":null,\"contract_id\":\"15\",\"date\":\"2015-04-01\",\"value_donor_currency\":\"1.00\",\"value_gbp\":\"2.00\",\"received\":true,\"deleted\":false,\"created\":\"2015-04-30 10:09:00\",\"modified\":\"2015-04-30 13:17:57\"},{\"id\":\"2\",\"project_id\":null,\"contract_id\":\"15\",\"date\":\"2015-04-10\",\"value_donor_currency\":\"3.00\",\"value_gbp\":\"4.00\",\"received\":true,\"deleted\":false,\"created\":\"2015-04-30 09:58:30\",\"modified\":\"2015-04-30 13:17:57\"},{\"id\":\"6\",\"project_id\":null,\"contract_id\":\"15\",\"date\":\"2015-04-10\",\"value_donor_currency\":\"900.00\",\"value_gbp\":\"31.00\",\"received\":true,\"deleted\":false,\"created\":\"2015-04-30 12:19:00\",\"modified\":\"2015-04-30 13:17:57\"},{\"id\":\"7\",\"project_id\":null,\"contract_id\":\"15\",\"date\":\"2015-04-18\",\"value_donor_currency\":\"23432.00\",\"value_gbp\":\"2342.00\",\"received\":true,\"deleted\":false,\"created\":\"2015-04-30 12:19:00\",\"modified\":\"2015-04-30 13:17:57\"}]}]}',NULL,'1','2015-04-30 13:17:57'),
	('55423b9a-2d28-4bdb-8f19-0a67c0a8213a','READ','Project','10','{\"Project\":{\"id\":\"10\",\"owner_user_id\":\"2\",\"status_id\":\"4\",\"programme_id\":\"1\",\"title\":\"asdfasdf\",\"summary\":\"sadfasdfasdf\",\"start_date\":\"2015-03-27\",\"finish_date\":\"2015-04-17\",\"value_required\":\"23423423\",\"value_sourced\":\"36847\",\"created\":\"2015-03-27 11:04:28\",\"modified\":\"2015-04-30 13:17:57\"},\"Status\":{\"id\":\"4\",\"name\":\"Rejected\",\"short_name\":\"rejected\",\"sort_order\":\"2\"},\"Programme\":{\"id\":\"1\",\"name\":\"Africa\",\"sort_order\":\"1\"},\"OwnerUser\":{\"id\":\"2\",\"username\":\"test\",\"first_name\":\"Alice\",\"last_name\":\"LAST NAME\",\"name\":\"test\"},\"Projectnote\":[{\"id\":\"3\",\"project_id\":\"10\",\"user_id\":\"3\",\"content\":\"test\",\"deleted\":false,\"created\":\"2015-04-17 11:42:41\",\"User\":{\"id\":\"3\",\"username\":\"crista\",\"first_name\":\"Crista\",\"last_name\":\"LAST NAME\",\"name\":\"crista\"}},{\"id\":\"4\",\"project_id\":\"10\",\"user_id\":\"3\",\"content\":\"test\",\"deleted\":false,\"created\":\"2015-04-17 11:44:17\",\"User\":{\"id\":\"3\",\"username\":\"crista\",\"first_name\":\"Crista\",\"last_name\":\"LAST NAME\",\"name\":\"crista\"}},{\"id\":\"14\",\"project_id\":\"10\",\"user_id\":\"3\",\"content\":\"adfasfd\",\"deleted\":false,\"created\":\"2015-04-17 12:18:04\",\"User\":{\"id\":\"3\",\"username\":\"crista\",\"first_name\":\"Crista\",\"last_name\":\"LAST NAME\",\"name\":\"crista\"}},{\"id\":\"33\",\"project_id\":\"10\",\"user_id\":\"1\",\"content\":\"asdfsadf\",\"deleted\":false,\"created\":\"2015-04-30 12:19:11\",\"User\":{\"id\":\"1\",\"username\":\"admin\",\"first_name\":\"Bob\",\"last_name\":\"LAST NAME\",\"name\":\"admin\"}}],\"Contract\":[{\"id\":\"16\",\"project_id\":\"10\",\"donor_id\":\"1\",\"currency_id\":null,\"deleted\":false,\"created\":\"2015-04-30 12:19:00\",\"modified\":\"2015-04-30 13:17:57\",\"Donor\":{\"id\":\"1\",\"name\":\"Donor Name #1\",\"created\":null},\"Currency\":[],\"Payment\":[{\"id\":\"4\",\"project_id\":null,\"contract_id\":\"16\",\"date\":\"2015-04-03\",\"value_donor_currency\":\"234.00\",\"value_gbp\":\"34234.00\",\"received\":true,\"deleted\":false,\"created\":\"2015-04-30 12:19:00\",\"modified\":\"2015-04-30 13:17:57\"},{\"id\":\"5\",\"project_id\":null,\"contract_id\":\"16\",\"date\":\"2015-04-16\",\"value_donor_currency\":\"2344.00\",\"value_gbp\":\"234.00\",\"received\":false,\"deleted\":false,\"created\":\"2015-04-30 12:19:00\",\"modified\":\"2015-04-30 13:17:57\"}]},{\"id\":\"15\",\"project_id\":\"10\",\"donor_id\":\"1\",\"currency_id\":null,\"deleted\":false,\"created\":\"2015-04-30 09:58:30\",\"modified\":\"2015-04-30 13:17:57\",\"Donor\":{\"id\":\"1\",\"name\":\"Donor Name #1\",\"created\":null},\"Currency\":[],\"Payment\":[{\"id\":\"3\",\"project_id\":null,\"contract_id\":\"15\",\"date\":\"2015-04-01\",\"value_donor_currency\":\"1.00\",\"value_gbp\":\"2.00\",\"received\":true,\"deleted\":false,\"created\":\"2015-04-30 10:09:00\",\"modified\":\"2015-04-30 13:17:57\"},{\"id\":\"2\",\"project_id\":null,\"contract_id\":\"15\",\"date\":\"2015-04-10\",\"value_donor_currency\":\"3.00\",\"value_gbp\":\"4.00\",\"received\":true,\"deleted\":false,\"created\":\"2015-04-30 09:58:30\",\"modified\":\"2015-04-30 13:17:57\"},{\"id\":\"6\",\"project_id\":null,\"contract_id\":\"15\",\"date\":\"2015-04-10\",\"value_donor_currency\":\"900.00\",\"value_gbp\":\"31.00\",\"received\":true,\"deleted\":false,\"created\":\"2015-04-30 12:19:00\",\"modified\":\"2015-04-30 13:17:57\"},{\"id\":\"7\",\"project_id\":null,\"contract_id\":\"15\",\"date\":\"2015-04-18\",\"value_donor_currency\":\"23432.00\",\"value_gbp\":\"2342.00\",\"received\":true,\"deleted\":false,\"created\":\"2015-04-30 12:19:00\",\"modified\":\"2015-04-30 13:17:57\"}]}]}',NULL,'1','2015-04-30 14:26:34'),
	('55423c2c-15fc-45ef-9d85-0aaec0a8213a','READ','Project','10','{\"Project\":{\"id\":\"10\",\"owner_user_id\":\"2\",\"status_id\":\"4\",\"programme_id\":\"1\",\"title\":\"asdfasdf\",\"summary\":\"sadfasdfasdf\",\"start_date\":\"2015-03-27\",\"finish_date\":\"2015-04-17\",\"value_required\":\"23423423\",\"value_sourced\":\"36847\",\"created\":\"2015-03-27 11:04:28\",\"modified\":\"2015-04-30 14:29:00\"},\"Status\":{\"id\":\"4\",\"name\":\"Rejected\",\"short_name\":\"rejected\",\"sort_order\":\"2\"},\"Programme\":{\"id\":\"1\",\"name\":\"Africa\",\"sort_order\":\"1\"},\"OwnerUser\":{\"id\":\"2\",\"username\":\"test\",\"first_name\":\"Alice\",\"last_name\":\"LAST NAME\",\"name\":\"test\"},\"Projectnote\":[{\"id\":\"3\",\"project_id\":\"10\",\"user_id\":\"3\",\"content\":\"test\",\"deleted\":false,\"created\":\"2015-04-17 11:42:41\",\"User\":{\"id\":\"3\",\"username\":\"crista\",\"first_name\":\"Crista\",\"last_name\":\"LAST NAME\",\"name\":\"crista\"}},{\"id\":\"4\",\"project_id\":\"10\",\"user_id\":\"3\",\"content\":\"test\",\"deleted\":false,\"created\":\"2015-04-17 11:44:17\",\"User\":{\"id\":\"3\",\"username\":\"crista\",\"first_name\":\"Crista\",\"last_name\":\"LAST NAME\",\"name\":\"crista\"}},{\"id\":\"14\",\"project_id\":\"10\",\"user_id\":\"3\",\"content\":\"adfasfd\",\"deleted\":false,\"created\":\"2015-04-17 12:18:04\",\"User\":{\"id\":\"3\",\"username\":\"crista\",\"first_name\":\"Crista\",\"last_name\":\"LAST NAME\",\"name\":\"crista\"}},{\"id\":\"33\",\"project_id\":\"10\",\"user_id\":\"1\",\"content\":\"asdfsadf\",\"deleted\":false,\"created\":\"2015-04-30 12:19:11\",\"User\":{\"id\":\"1\",\"username\":\"admin\",\"first_name\":\"Bob\",\"last_name\":\"LAST NAME\",\"name\":\"admin\"}}],\"Contract\":[{\"id\":\"16\",\"project_id\":\"10\",\"donor_id\":\"1\",\"currency_id\":\"2\",\"deleted\":false,\"created\":\"2015-04-30 12:19:00\",\"modified\":\"2015-04-30 14:29:00\",\"Donor\":{\"id\":\"1\",\"name\":\"Donor Name #1\",\"created\":null},\"Currency\":{\"id\":\"2\",\"name\":\"US Dollars\",\"code\":\"USD\"},\"Payment\":[{\"id\":\"4\",\"project_id\":null,\"contract_id\":\"16\",\"date\":\"2015-04-03\",\"value_donor_currency\":\"234.00\",\"value_gbp\":\"34234.00\",\"received\":true,\"deleted\":false,\"created\":\"2015-04-30 12:19:00\",\"modified\":\"2015-04-30 14:29:00\"},{\"id\":\"5\",\"project_id\":null,\"contract_id\":\"16\",\"date\":\"2015-04-16\",\"value_donor_currency\":\"2344.00\",\"value_gbp\":\"234.00\",\"received\":false,\"deleted\":false,\"created\":\"2015-04-30 12:19:00\",\"modified\":\"2015-04-30 14:29:00\"}]},{\"id\":\"15\",\"project_id\":\"10\",\"donor_id\":\"1\",\"currency_id\":\"3\",\"deleted\":false,\"created\":\"2015-04-30 09:58:30\",\"modified\":\"2015-04-30 14:29:00\",\"Donor\":{\"id\":\"1\",\"name\":\"Donor Name #1\",\"created\":null},\"Currency\":{\"id\":\"3\",\"name\":\"Swiss Francs\",\"code\":\"CHF\"},\"Payment\":[{\"id\":\"3\",\"project_id\":null,\"contract_id\":\"15\",\"date\":\"2015-04-01\",\"value_donor_currency\":\"1.00\",\"value_gbp\":\"2.00\",\"received\":true,\"deleted\":false,\"created\":\"2015-04-30 10:09:00\",\"modified\":\"2015-04-30 14:29:00\"},{\"id\":\"2\",\"project_id\":null,\"contract_id\":\"15\",\"date\":\"2015-04-10\",\"value_donor_currency\":\"3.00\",\"value_gbp\":\"4.00\",\"received\":true,\"deleted\":false,\"created\":\"2015-04-30 09:58:30\",\"modified\":\"2015-04-30 14:29:00\"},{\"id\":\"6\",\"project_id\":null,\"contract_id\":\"15\",\"date\":\"2015-04-10\",\"value_donor_currency\":\"900.00\",\"value_gbp\":\"31.00\",\"received\":true,\"deleted\":false,\"created\":\"2015-04-30 12:19:00\",\"modified\":\"2015-04-30 14:29:00\"},{\"id\":\"7\",\"project_id\":null,\"contract_id\":\"15\",\"date\":\"2015-04-18\",\"value_donor_currency\":\"23432.00\",\"value_gbp\":\"2342.00\",\"received\":true,\"deleted\":false,\"created\":\"2015-04-30 12:19:00\",\"modified\":\"2015-04-30 14:29:00\"}]}]}',NULL,'1','2015-04-30 14:29:00'),
	('55423c85-d2d4-4825-9e7a-0bf0c0a8213a','READ','Project','10','{\"Project\":{\"id\":\"10\",\"owner_user_id\":\"2\",\"status_id\":\"4\",\"programme_id\":\"1\",\"title\":\"asdfasdf\",\"summary\":\"sadfasdfasdf\",\"start_date\":\"2015-03-27\",\"finish_date\":\"2015-04-17\",\"value_required\":\"23423423\",\"value_sourced\":\"36847\",\"created\":\"2015-03-27 11:04:28\",\"modified\":\"2015-04-30 14:29:00\"},\"Status\":{\"id\":\"4\",\"name\":\"Rejected\",\"short_name\":\"rejected\",\"sort_order\":\"2\"},\"Programme\":{\"id\":\"1\",\"name\":\"Africa\",\"sort_order\":\"1\"},\"OwnerUser\":{\"id\":\"2\",\"username\":\"test\",\"first_name\":\"Alice\",\"last_name\":\"LAST NAME\",\"name\":\"test\"},\"Projectnote\":[{\"id\":\"3\",\"project_id\":\"10\",\"user_id\":\"3\",\"content\":\"test\",\"deleted\":false,\"created\":\"2015-04-17 11:42:41\",\"User\":{\"id\":\"3\",\"username\":\"crista\",\"first_name\":\"Crista\",\"last_name\":\"LAST NAME\",\"name\":\"crista\"}},{\"id\":\"4\",\"project_id\":\"10\",\"user_id\":\"3\",\"content\":\"test\",\"deleted\":false,\"created\":\"2015-04-17 11:44:17\",\"User\":{\"id\":\"3\",\"username\":\"crista\",\"first_name\":\"Crista\",\"last_name\":\"LAST NAME\",\"name\":\"crista\"}},{\"id\":\"14\",\"project_id\":\"10\",\"user_id\":\"3\",\"content\":\"adfasfd\",\"deleted\":false,\"created\":\"2015-04-17 12:18:04\",\"User\":{\"id\":\"3\",\"username\":\"crista\",\"first_name\":\"Crista\",\"last_name\":\"LAST NAME\",\"name\":\"crista\"}},{\"id\":\"33\",\"project_id\":\"10\",\"user_id\":\"1\",\"content\":\"asdfsadf\",\"deleted\":false,\"created\":\"2015-04-30 12:19:11\",\"User\":{\"id\":\"1\",\"username\":\"admin\",\"first_name\":\"Bob\",\"last_name\":\"LAST NAME\",\"name\":\"admin\"}}],\"Contract\":[{\"id\":\"16\",\"project_id\":\"10\",\"donor_id\":\"1\",\"currency_id\":\"2\",\"deleted\":false,\"created\":\"2015-04-30 12:19:00\",\"modified\":\"2015-04-30 14:29:00\",\"Donor\":{\"id\":\"1\",\"name\":\"Donor Name #1\",\"created\":null},\"Currency\":{\"id\":\"2\",\"name\":\"US Dollars\",\"code\":\"USD\"},\"Payment\":[{\"id\":\"4\",\"project_id\":null,\"contract_id\":\"16\",\"date\":\"2015-04-03\",\"value_donor_currency\":\"234.00\",\"value_gbp\":\"34234.00\",\"received\":true,\"deleted\":false,\"created\":\"2015-04-30 12:19:00\",\"modified\":\"2015-04-30 14:29:00\"},{\"id\":\"5\",\"project_id\":null,\"contract_id\":\"16\",\"date\":\"2015-04-16\",\"value_donor_currency\":\"2344.00\",\"value_gbp\":\"234.00\",\"received\":false,\"deleted\":false,\"created\":\"2015-04-30 12:19:00\",\"modified\":\"2015-04-30 14:29:00\"}]},{\"id\":\"15\",\"project_id\":\"10\",\"donor_id\":\"1\",\"currency_id\":\"3\",\"deleted\":false,\"created\":\"2015-04-30 09:58:30\",\"modified\":\"2015-04-30 14:29:00\",\"Donor\":{\"id\":\"1\",\"name\":\"Donor Name #1\",\"created\":null},\"Currency\":{\"id\":\"3\",\"name\":\"Swiss Francs\",\"code\":\"CHF\"},\"Payment\":[{\"id\":\"3\",\"project_id\":null,\"contract_id\":\"15\",\"date\":\"2015-04-01\",\"value_donor_currency\":\"1.00\",\"value_gbp\":\"2.00\",\"received\":true,\"deleted\":false,\"created\":\"2015-04-30 10:09:00\",\"modified\":\"2015-04-30 14:29:00\"},{\"id\":\"2\",\"project_id\":null,\"contract_id\":\"15\",\"date\":\"2015-04-10\",\"value_donor_currency\":\"3.00\",\"value_gbp\":\"4.00\",\"received\":true,\"deleted\":false,\"created\":\"2015-04-30 09:58:30\",\"modified\":\"2015-04-30 14:29:00\"},{\"id\":\"6\",\"project_id\":null,\"contract_id\":\"15\",\"date\":\"2015-04-10\",\"value_donor_currency\":\"900.00\",\"value_gbp\":\"31.00\",\"received\":true,\"deleted\":false,\"created\":\"2015-04-30 12:19:00\",\"modified\":\"2015-04-30 14:29:00\"},{\"id\":\"7\",\"project_id\":null,\"contract_id\":\"15\",\"date\":\"2015-04-18\",\"value_donor_currency\":\"23432.00\",\"value_gbp\":\"2342.00\",\"received\":true,\"deleted\":false,\"created\":\"2015-04-30 12:19:00\",\"modified\":\"2015-04-30 14:29:00\"}]}]}',NULL,'1','2015-04-30 14:30:29'),
	('55423f0e-aed4-4242-9a1d-0ab6c0a8213a','READ','Project','12','{\"Project\":{\"id\":\"12\",\"owner_user_id\":\"1\",\"status_id\":\"3\",\"programme_id\":\"2\",\"cofinances_project_id\":null,\"title\":\"gvhvjub\",\"summary\":\"\",\"start_date\":\"2015-03-27\",\"finish_date\":null,\"value_required\":\"2147483647\",\"value_sourced\":null,\"created\":\"2015-03-27 12:51:17\",\"modified\":\"2015-03-27 12:51:42\"},\"Status\":{\"id\":\"3\",\"name\":\"Approved\",\"short_name\":\"approved\",\"sort_order\":\"99\"},\"Programme\":{\"id\":\"2\",\"name\":\"Eurasia\",\"sort_order\":\"2\"},\"OwnerUser\":{\"id\":\"1\",\"username\":\"admin\",\"first_name\":\"Bob\",\"last_name\":\"LAST NAME\",\"name\":\"admin\"},\"Projectnote\":[],\"Contract\":[]}',NULL,'1','2015-04-30 14:41:18'),
	('55423f36-70e4-4d48-8117-0bf6c0a8213a','EDIT','Project','12','{\"Project\":{\"id\":\"12\",\"owner_user_id\":\"2\",\"status_id\":\"3\",\"programme_id\":\"2\",\"cofinances_project_id\":null,\"title\":\"gvhvjub\",\"summary\":\"\",\"start_date\":\"2015-03-27\",\"finish_date\":\"2015-04-30\",\"value_required\":\"2147483647\",\"value_sourced\":\"32\",\"created\":\"2015-03-27 12:51:17\",\"modified\":\"2015-04-30 14:41:58\",\"Country\":\"\",\"TeamMember\":\"\",\"Theme\":\"2\"}}',NULL,NULL,'2015-04-30 14:41:58'),
	('55423f37-5b48-42e0-84b0-0bf6c0a8213a','READ','Project','12','{\"Project\":{\"id\":\"12\",\"owner_user_id\":\"2\",\"status_id\":\"3\",\"programme_id\":\"2\",\"cofinances_project_id\":null,\"title\":\"gvhvjub\",\"summary\":\"\",\"start_date\":\"2015-03-27\",\"finish_date\":\"2015-04-30\",\"value_required\":\"2147483647\",\"value_sourced\":\"32\",\"created\":\"2015-03-27 12:51:17\",\"modified\":\"2015-04-30 14:41:58\"},\"Status\":{\"id\":\"3\",\"name\":\"Approved\",\"short_name\":\"approved\",\"sort_order\":\"99\"},\"Programme\":{\"id\":\"2\",\"name\":\"Eurasia\",\"sort_order\":\"2\"},\"OwnerUser\":{\"id\":\"2\",\"username\":\"test\",\"first_name\":\"Alice\",\"last_name\":\"LAST NAME\",\"name\":\"test\"},\"Projectnote\":[],\"Contract\":[{\"id\":\"17\",\"project_id\":\"12\",\"donor_id\":\"1\",\"currency_id\":null,\"deleted\":false,\"created\":\"2015-04-30 14:41:58\",\"modified\":\"2015-04-30 14:41:58\",\"Donor\":{\"id\":\"1\",\"name\":\"Donor Name #1\",\"created\":null},\"Currency\":[],\"Payment\":[{\"id\":\"8\",\"project_id\":null,\"contract_id\":\"17\",\"date\":\"2015-04-09\",\"value_donor_currency\":\"21.00\",\"value_gbp\":\"32.00\",\"received\":true,\"deleted\":false,\"created\":\"2015-04-30 14:41:58\",\"modified\":\"2015-04-30 14:41:58\"}]}]}',NULL,'1','2015-04-30 14:41:59'),
	('55423f48-3ccc-4d84-bb65-0bf0c0a8213a','READ','Project','12','{\"Project\":{\"id\":\"12\",\"owner_user_id\":\"2\",\"status_id\":\"3\",\"programme_id\":\"2\",\"cofinances_project_id\":null,\"title\":\"gvhvjub\",\"summary\":\"\",\"start_date\":\"2015-03-27\",\"finish_date\":\"2015-04-30\",\"value_required\":\"2147483647\",\"value_sourced\":\"32\",\"created\":\"2015-03-27 12:51:17\",\"modified\":\"2015-04-30 14:42:16\"},\"Status\":{\"id\":\"3\",\"name\":\"Approved\",\"short_name\":\"approved\",\"sort_order\":\"99\"},\"Programme\":{\"id\":\"2\",\"name\":\"Eurasia\",\"sort_order\":\"2\"},\"OwnerUser\":{\"id\":\"2\",\"username\":\"test\",\"first_name\":\"Alice\",\"last_name\":\"LAST NAME\",\"name\":\"test\"},\"Projectnote\":[],\"Contract\":[{\"id\":\"17\",\"project_id\":\"12\",\"donor_id\":\"1\",\"currency_id\":\"1\",\"deleted\":false,\"created\":\"2015-04-30 14:41:58\",\"modified\":\"2015-04-30 14:42:16\",\"Donor\":{\"id\":\"1\",\"name\":\"Donor Name #1\",\"created\":null},\"Currency\":{\"id\":\"1\",\"name\":\"Pounds Sterling\",\"code\":\"GBP\"},\"Payment\":[{\"id\":\"8\",\"project_id\":null,\"contract_id\":\"17\",\"date\":\"2015-04-09\",\"value_donor_currency\":\"21.00\",\"value_gbp\":\"32.00\",\"received\":true,\"deleted\":false,\"created\":\"2015-04-30 14:41:58\",\"modified\":\"2015-04-30 14:42:16\"}]}]}',NULL,'1','2015-04-30 14:42:16'),
	('55424169-eed8-49ec-97e0-0bf0c0a8213a','READ','Project','12','{\"Project\":{\"id\":\"12\",\"owner_user_id\":\"2\",\"status_id\":\"3\",\"programme_id\":\"2\",\"cofinances_project_id\":null,\"title\":\"gvhvjub\",\"summary\":\"\",\"start_date\":\"2015-03-27\",\"finish_date\":\"2015-04-30\",\"value_required\":\"2147483647\",\"value_sourced\":\"32\",\"created\":\"2015-03-27 12:51:17\",\"modified\":\"2015-04-30 14:51:21\"},\"Status\":{\"id\":\"3\",\"name\":\"Approved\",\"short_name\":\"approved\",\"sort_order\":\"99\"},\"Programme\":{\"id\":\"2\",\"name\":\"Eurasia\",\"sort_order\":\"2\"},\"OwnerUser\":{\"id\":\"2\",\"username\":\"test\",\"first_name\":\"Alice\",\"last_name\":\"LAST NAME\",\"name\":\"test\"},\"Projectnote\":[],\"Contract\":[{\"id\":\"17\",\"project_id\":\"12\",\"donor_id\":\"1\",\"currency_id\":\"1\",\"deleted\":false,\"created\":\"2015-04-30 14:41:58\",\"modified\":\"2015-04-30 14:51:21\",\"Donor\":{\"id\":\"1\",\"name\":\"Donor Name #1\",\"created\":null},\"Currency\":{\"id\":\"1\",\"name\":\"Pounds Sterling\",\"code\":\"GBP\"},\"Payment\":[{\"id\":\"8\",\"project_id\":null,\"contract_id\":\"17\",\"date\":\"2015-04-09\",\"value_donor_currency\":\"21.00\",\"value_gbp\":\"32.00\",\"received\":true,\"deleted\":false,\"created\":\"2015-04-30 14:41:58\",\"modified\":\"2015-04-30 14:51:21\"}]}]}',NULL,'1','2015-04-30 14:51:21'),
	('5542420f-3004-4cad-84dd-0ab6c0a8213a','EDIT','Project','12','{\"Project\":{\"id\":\"12\",\"owner_user_id\":\"2\",\"status_id\":\"3\",\"programme_id\":\"2\",\"cofinances_project_id\":null,\"title\":\"gvhvjub\",\"summary\":\"\",\"start_date\":\"2015-03-27\",\"finish_date\":\"2015-04-30\",\"value_required\":\"2147483647\",\"value_sourced\":\"9000\",\"created\":\"2015-03-27 12:51:17\",\"modified\":\"2015-04-30 14:54:07\",\"Country\":\"\",\"TeamMember\":\"\",\"Theme\":\"2\"}}',NULL,NULL,'2015-04-30 14:54:07'),
	('55424210-be90-4e16-b1c9-0ab6c0a8213a','READ','Project','12','{\"Project\":{\"id\":\"12\",\"owner_user_id\":\"2\",\"status_id\":\"3\",\"programme_id\":\"2\",\"cofinances_project_id\":null,\"title\":\"gvhvjub\",\"summary\":\"\",\"start_date\":\"2015-03-27\",\"finish_date\":\"2015-04-30\",\"value_required\":\"2147483647\",\"value_sourced\":\"9000\",\"created\":\"2015-03-27 12:51:17\",\"modified\":\"2015-04-30 14:54:07\"},\"Status\":{\"id\":\"3\",\"name\":\"Approved\",\"short_name\":\"approved\",\"sort_order\":\"99\"},\"Programme\":{\"id\":\"2\",\"name\":\"Eurasia\",\"sort_order\":\"2\"},\"OwnerUser\":{\"id\":\"2\",\"username\":\"test\",\"first_name\":\"Alice\",\"last_name\":\"LAST NAME\",\"name\":\"test\"},\"Projectnote\":[],\"Contract\":[{\"id\":\"17\",\"project_id\":\"12\",\"donor_id\":\"1\",\"currency_id\":\"1\",\"deleted\":false,\"created\":\"2015-04-30 14:41:58\",\"modified\":\"2015-04-30 14:54:07\",\"Donor\":{\"id\":\"1\",\"name\":\"Donor Name #1\",\"created\":null},\"Currency\":{\"id\":\"1\",\"name\":\"Pounds Sterling\",\"code\":\"GBP\"},\"Payment\":[{\"id\":\"8\",\"project_id\":null,\"contract_id\":\"17\",\"date\":\"2015-04-09\",\"value_donor_currency\":\"21.00\",\"value_gbp\":\"9000.00\",\"received\":true,\"deleted\":false,\"created\":\"2015-04-30 14:41:58\",\"modified\":\"2015-04-30 14:54:07\"}]}]}',NULL,'1','2015-04-30 14:54:07'),
	('5542421e-9698-4338-ab0e-0c55c0a8213a','EDIT','Project','12','{\"Project\":{\"id\":\"12\",\"owner_user_id\":\"2\",\"status_id\":\"3\",\"programme_id\":\"2\",\"cofinances_project_id\":null,\"title\":\"gvhvjub\",\"summary\":\"\",\"start_date\":\"2015-03-27\",\"finish_date\":\"2015-04-30\",\"value_required\":\"9000\",\"value_sourced\":\"9000\",\"created\":\"2015-03-27 12:51:17\",\"modified\":\"2015-04-30 14:54:22\",\"Country\":\"\",\"TeamMember\":\"\",\"Theme\":\"2\"}}',NULL,NULL,'2015-04-30 14:54:22'),
	('5542421f-b50c-46b6-b2b0-0c55c0a8213a','READ','Project','12','{\"Project\":{\"id\":\"12\",\"owner_user_id\":\"2\",\"status_id\":\"3\",\"programme_id\":\"2\",\"cofinances_project_id\":null,\"title\":\"gvhvjub\",\"summary\":\"\",\"start_date\":\"2015-03-27\",\"finish_date\":\"2015-04-30\",\"value_required\":\"9000\",\"value_sourced\":\"9000\",\"created\":\"2015-03-27 12:51:17\",\"modified\":\"2015-04-30 14:54:22\"},\"Status\":{\"id\":\"3\",\"name\":\"Approved\",\"short_name\":\"approved\",\"sort_order\":\"99\"},\"Programme\":{\"id\":\"2\",\"name\":\"Eurasia\",\"sort_order\":\"2\"},\"OwnerUser\":{\"id\":\"2\",\"username\":\"test\",\"first_name\":\"Alice\",\"last_name\":\"LAST NAME\",\"name\":\"test\"},\"Projectnote\":[],\"Contract\":[{\"id\":\"17\",\"project_id\":\"12\",\"donor_id\":\"1\",\"currency_id\":\"1\",\"deleted\":false,\"created\":\"2015-04-30 14:41:58\",\"modified\":\"2015-04-30 14:54:22\",\"Donor\":{\"id\":\"1\",\"name\":\"Donor Name #1\",\"created\":null},\"Currency\":{\"id\":\"1\",\"name\":\"Pounds Sterling\",\"code\":\"GBP\"},\"Payment\":[{\"id\":\"8\",\"project_id\":null,\"contract_id\":\"17\",\"date\":\"2015-04-09\",\"value_donor_currency\":\"21.00\",\"value_gbp\":\"9000.00\",\"received\":true,\"deleted\":false,\"created\":\"2015-04-30 14:41:58\",\"modified\":\"2015-04-30 14:54:22\"}]}]}',NULL,'1','2015-04-30 14:54:23'),
	('554242b5-e5e8-4ccb-b72c-0aaec0a8213a','CREATE','Projectnote','34','{\"Projectnote\":{\"id\":\"34\",\"project_id\":\"12\",\"user_id\":\"1\",\"content\":\"sdfsadf\",\"deleted\":false,\"created\":\"2015-04-30 14:56:53\"}}',NULL,NULL,'2015-04-30 14:56:53'),
	('554247cb-8f68-45a3-acd3-0c31c0a8213a','READ','Project','12','{\"Project\":{\"id\":\"12\",\"owner_user_id\":\"2\",\"status_id\":\"3\",\"programme_id\":\"2\",\"cofinances_project_id\":\"10\",\"title\":\"gvhvjub\",\"summary\":\"\",\"start_date\":\"2015-03-27\",\"finish_date\":\"2015-04-30\",\"value_required\":\"9000\",\"value_sourced\":\"9000\",\"created\":\"2015-03-27 12:51:17\",\"modified\":\"2015-04-30 14:54:22\"},\"Status\":{\"id\":\"3\",\"name\":\"Approved\",\"short_name\":\"approved\",\"sort_order\":\"99\"},\"Programme\":{\"id\":\"2\",\"name\":\"Eurasia\",\"sort_order\":\"2\"},\"OwnerUser\":{\"id\":\"2\",\"username\":\"test\",\"first_name\":\"Alice\",\"last_name\":\"LAST NAME\",\"name\":\"test\"},\"Projectnote\":[{\"id\":\"34\",\"project_id\":\"12\",\"user_id\":\"1\",\"content\":\"sdfsadf\",\"deleted\":false,\"created\":\"2015-04-30 14:56:53\",\"User\":{\"id\":\"1\",\"username\":\"admin\",\"first_name\":\"Bob\",\"last_name\":\"LAST NAME\",\"name\":\"admin\"}}],\"Contract\":[{\"id\":\"17\",\"project_id\":\"12\",\"donor_id\":\"1\",\"currency_id\":\"1\",\"deleted\":false,\"created\":\"2015-04-30 14:41:58\",\"modified\":\"2015-04-30 14:54:22\",\"Donor\":{\"id\":\"1\",\"name\":\"Donor Name #1\",\"created\":null},\"Currency\":{\"id\":\"1\",\"name\":\"Pounds Sterling\",\"code\":\"GBP\"},\"Payment\":[{\"id\":\"8\",\"project_id\":null,\"contract_id\":\"17\",\"date\":\"2015-04-09\",\"value_donor_currency\":\"21.00\",\"value_gbp\":\"9000.00\",\"received\":true,\"deleted\":false,\"created\":\"2015-04-30 14:41:58\",\"modified\":\"2015-04-30 14:54:22\"}]}]}',NULL,'1','2015-04-30 15:18:35'),
	('554247f4-8288-4678-8d6f-0ab6c0a8213a','READ','Project','12','{\"Project\":{\"id\":\"12\",\"owner_user_id\":\"2\",\"status_id\":\"3\",\"programme_id\":\"2\",\"cofinances_project_id\":\"10\",\"title\":\"gvhvjub\",\"summary\":\"\",\"start_date\":\"2015-03-27\",\"finish_date\":\"2015-04-30\",\"value_required\":\"9000\",\"value_sourced\":\"9000\",\"created\":\"2015-03-27 12:51:17\",\"modified\":\"2015-04-30 14:54:22\"},\"Status\":{\"id\":\"3\",\"name\":\"Approved\",\"short_name\":\"approved\",\"sort_order\":\"99\"},\"Programme\":{\"id\":\"2\",\"name\":\"Eurasia\",\"sort_order\":\"2\"},\"OwnerUser\":{\"id\":\"2\",\"username\":\"test\",\"first_name\":\"Alice\",\"last_name\":\"LAST NAME\",\"name\":\"test\"},\"Projectnote\":[{\"id\":\"34\",\"project_id\":\"12\",\"user_id\":\"1\",\"content\":\"sdfsadf\",\"deleted\":false,\"created\":\"2015-04-30 14:56:53\",\"User\":{\"id\":\"1\",\"username\":\"admin\",\"first_name\":\"Bob\",\"last_name\":\"LAST NAME\",\"name\":\"admin\"}}],\"Contract\":[{\"id\":\"17\",\"project_id\":\"12\",\"donor_id\":\"1\",\"currency_id\":\"1\",\"deleted\":false,\"created\":\"2015-04-30 14:41:58\",\"modified\":\"2015-04-30 14:54:22\",\"Donor\":{\"id\":\"1\",\"name\":\"Donor Name #1\",\"created\":null},\"Currency\":{\"id\":\"1\",\"name\":\"Pounds Sterling\",\"code\":\"GBP\"},\"Payment\":[{\"id\":\"8\",\"project_id\":null,\"contract_id\":\"17\",\"date\":\"2015-04-09\",\"value_donor_currency\":\"21.00\",\"value_gbp\":\"9000.00\",\"received\":true,\"deleted\":false,\"created\":\"2015-04-30 14:41:58\",\"modified\":\"2015-04-30 14:54:22\"}]}]}',NULL,'1','2015-04-30 15:19:16'),
	('55424888-56fc-4343-97bf-0ab6c0a8213a','READ','Project','12','{\"Project\":{\"id\":\"12\",\"owner_user_id\":\"2\",\"status_id\":\"3\",\"programme_id\":\"2\",\"cofinances_project_id\":\"10\",\"title\":\"gvhvjub\",\"summary\":\"\",\"start_date\":\"2015-03-27\",\"finish_date\":\"2015-04-30\",\"value_required\":\"9000\",\"value_sourced\":\"9000\",\"created\":\"2015-03-27 12:51:17\",\"modified\":\"2015-04-30 14:54:22\",\"deleted\":false},\"Status\":{\"id\":\"3\",\"name\":\"Approved\",\"short_name\":\"approved\",\"sort_order\":\"99\"},\"Programme\":{\"id\":\"2\",\"name\":\"Eurasia\",\"sort_order\":\"2\"},\"OwnerUser\":{\"id\":\"2\",\"username\":\"test\",\"first_name\":\"Alice\",\"last_name\":\"LAST NAME\",\"name\":\"test\"},\"Projectnote\":[{\"id\":\"34\",\"project_id\":\"12\",\"user_id\":\"1\",\"content\":\"sdfsadf\",\"deleted\":false,\"created\":\"2015-04-30 14:56:53\",\"User\":{\"id\":\"1\",\"username\":\"admin\",\"first_name\":\"Bob\",\"last_name\":\"LAST NAME\",\"name\":\"admin\"}}],\"Contract\":[{\"id\":\"17\",\"project_id\":\"12\",\"donor_id\":\"1\",\"currency_id\":\"1\",\"deleted\":false,\"created\":\"2015-04-30 14:41:58\",\"modified\":\"2015-04-30 14:54:22\",\"Donor\":{\"id\":\"1\",\"name\":\"Donor Name #1\",\"created\":null},\"Currency\":{\"id\":\"1\",\"name\":\"Pounds Sterling\",\"code\":\"GBP\"},\"Payment\":[{\"id\":\"8\",\"project_id\":null,\"contract_id\":\"17\",\"date\":\"2015-04-09\",\"value_donor_currency\":\"21.00\",\"value_gbp\":\"9000.00\",\"received\":true,\"deleted\":false,\"created\":\"2015-04-30 14:41:58\",\"modified\":\"2015-04-30 14:54:22\"}]}],\"CofinancedByProject\":[]}',NULL,'1','2015-04-30 15:21:44'),
	('55424892-25c0-402d-b7c5-0c55c0a8213a','READ','Project','10','{\"Project\":{\"id\":\"10\",\"owner_user_id\":\"2\",\"status_id\":\"4\",\"programme_id\":\"1\",\"cofinances_project_id\":null,\"title\":\"asdfasdf\",\"summary\":\"sadfasdfasdf\",\"start_date\":\"2015-03-27\",\"finish_date\":\"2015-04-17\",\"value_required\":\"23423423\",\"value_sourced\":\"36847\",\"created\":\"2015-03-27 11:04:28\",\"modified\":\"2015-04-30 14:29:00\",\"deleted\":false},\"Status\":{\"id\":\"4\",\"name\":\"Rejected\",\"short_name\":\"rejected\",\"sort_order\":\"2\"},\"Programme\":{\"id\":\"1\",\"name\":\"Africa\",\"sort_order\":\"1\"},\"OwnerUser\":{\"id\":\"2\",\"username\":\"test\",\"first_name\":\"Alice\",\"last_name\":\"LAST NAME\",\"name\":\"test\"},\"Projectnote\":[{\"id\":\"3\",\"project_id\":\"10\",\"user_id\":\"3\",\"content\":\"test\",\"deleted\":false,\"created\":\"2015-04-17 11:42:41\",\"User\":{\"id\":\"3\",\"username\":\"crista\",\"first_name\":\"Crista\",\"last_name\":\"LAST NAME\",\"name\":\"crista\"}},{\"id\":\"4\",\"project_id\":\"10\",\"user_id\":\"3\",\"content\":\"test\",\"deleted\":false,\"created\":\"2015-04-17 11:44:17\",\"User\":{\"id\":\"3\",\"username\":\"crista\",\"first_name\":\"Crista\",\"last_name\":\"LAST NAME\",\"name\":\"crista\"}},{\"id\":\"14\",\"project_id\":\"10\",\"user_id\":\"3\",\"content\":\"adfasfd\",\"deleted\":false,\"created\":\"2015-04-17 12:18:04\",\"User\":{\"id\":\"3\",\"username\":\"crista\",\"first_name\":\"Crista\",\"last_name\":\"LAST NAME\",\"name\":\"crista\"}},{\"id\":\"33\",\"project_id\":\"10\",\"user_id\":\"1\",\"content\":\"asdfsadf\",\"deleted\":false,\"created\":\"2015-04-30 12:19:11\",\"User\":{\"id\":\"1\",\"username\":\"admin\",\"first_name\":\"Bob\",\"last_name\":\"LAST NAME\",\"name\":\"admin\"}}],\"Contract\":[{\"id\":\"16\",\"project_id\":\"10\",\"donor_id\":\"1\",\"currency_id\":\"2\",\"deleted\":false,\"created\":\"2015-04-30 12:19:00\",\"modified\":\"2015-04-30 14:29:00\",\"Donor\":{\"id\":\"1\",\"name\":\"Donor Name #1\",\"created\":null},\"Currency\":{\"id\":\"2\",\"name\":\"US Dollars\",\"code\":\"USD\"},\"Payment\":[{\"id\":\"4\",\"project_id\":null,\"contract_id\":\"16\",\"date\":\"2015-04-03\",\"value_donor_currency\":\"234.00\",\"value_gbp\":\"34234.00\",\"received\":true,\"deleted\":false,\"created\":\"2015-04-30 12:19:00\",\"modified\":\"2015-04-30 14:29:00\"},{\"id\":\"5\",\"project_id\":null,\"contract_id\":\"16\",\"date\":\"2015-04-16\",\"value_donor_currency\":\"2344.00\",\"value_gbp\":\"234.00\",\"received\":false,\"deleted\":false,\"created\":\"2015-04-30 12:19:00\",\"modified\":\"2015-04-30 14:29:00\"}]},{\"id\":\"15\",\"project_id\":\"10\",\"donor_id\":\"1\",\"currency_id\":\"3\",\"deleted\":false,\"created\":\"2015-04-30 09:58:30\",\"modified\":\"2015-04-30 14:29:00\",\"Donor\":{\"id\":\"1\",\"name\":\"Donor Name #1\",\"created\":null},\"Currency\":{\"id\":\"3\",\"name\":\"Swiss Francs\",\"code\":\"CHF\"},\"Payment\":[{\"id\":\"3\",\"project_id\":null,\"contract_id\":\"15\",\"date\":\"2015-04-01\",\"value_donor_currency\":\"1.00\",\"value_gbp\":\"2.00\",\"received\":true,\"deleted\":false,\"created\":\"2015-04-30 10:09:00\",\"modified\":\"2015-04-30 14:29:00\"},{\"id\":\"2\",\"project_id\":null,\"contract_id\":\"15\",\"date\":\"2015-04-10\",\"value_donor_currency\":\"3.00\",\"value_gbp\":\"4.00\",\"received\":true,\"deleted\":false,\"created\":\"2015-04-30 09:58:30\",\"modified\":\"2015-04-30 14:29:00\"},{\"id\":\"6\",\"project_id\":null,\"contract_id\":\"15\",\"date\":\"2015-04-10\",\"value_donor_currency\":\"900.00\",\"value_gbp\":\"31.00\",\"received\":true,\"deleted\":false,\"created\":\"2015-04-30 12:19:00\",\"modified\":\"2015-04-30 14:29:00\"},{\"id\":\"7\",\"project_id\":null,\"contract_id\":\"15\",\"date\":\"2015-04-18\",\"value_donor_currency\":\"23432.00\",\"value_gbp\":\"2342.00\",\"received\":true,\"deleted\":false,\"created\":\"2015-04-30 12:19:00\",\"modified\":\"2015-04-30 14:29:00\"}]}],\"CofinancedByProject\":[{\"id\":\"12\",\"owner_user_id\":\"2\",\"status_id\":\"3\",\"programme_id\":\"2\",\"cofinances_project_id\":\"10\",\"title\":\"gvhvjub\",\"summary\":\"\",\"start_date\":\"2015-03-27\",\"finish_date\":\"2015-04-30\",\"value_required\":\"9000\",\"value_sourced\":\"9000\",\"created\":\"2015-03-27 12:51:17\",\"modified\":\"2015-04-30 14:54:22\",\"deleted\":false}]}',NULL,'1','2015-04-30 15:21:54'),
	('55424a33-6d58-4e8c-bce6-0c4dc0a8213a','READ','Project','10','{\"Project\":{\"id\":\"10\",\"owner_user_id\":\"2\",\"status_id\":\"4\",\"programme_id\":\"1\",\"cofinances_project_id\":null,\"title\":\"asdfasdf\",\"summary\":\"sadfasdfasdf\",\"start_date\":\"2015-03-27\",\"finish_date\":\"2015-04-17\",\"value_required\":\"23423423\",\"value_sourced\":\"36847\",\"created\":\"2015-03-27 11:04:28\",\"modified\":\"2015-04-30 14:29:00\",\"deleted\":false},\"Status\":{\"id\":\"4\",\"name\":\"Rejected\",\"short_name\":\"rejected\",\"sort_order\":\"2\"},\"Programme\":{\"id\":\"1\",\"name\":\"Africa\",\"sort_order\":\"1\"},\"OwnerUser\":{\"id\":\"2\",\"username\":\"test\",\"first_name\":\"Alice\",\"last_name\":\"LAST NAME\",\"name\":\"test\"},\"Projectnote\":[{\"id\":\"3\",\"project_id\":\"10\",\"user_id\":\"3\",\"content\":\"test\",\"deleted\":false,\"created\":\"2015-04-17 11:42:41\",\"User\":{\"id\":\"3\",\"username\":\"crista\",\"first_name\":\"Crista\",\"last_name\":\"LAST NAME\",\"name\":\"crista\"}},{\"id\":\"4\",\"project_id\":\"10\",\"user_id\":\"3\",\"content\":\"test\",\"deleted\":false,\"created\":\"2015-04-17 11:44:17\",\"User\":{\"id\":\"3\",\"username\":\"crista\",\"first_name\":\"Crista\",\"last_name\":\"LAST NAME\",\"name\":\"crista\"}},{\"id\":\"14\",\"project_id\":\"10\",\"user_id\":\"3\",\"content\":\"adfasfd\",\"deleted\":false,\"created\":\"2015-04-17 12:18:04\",\"User\":{\"id\":\"3\",\"username\":\"crista\",\"first_name\":\"Crista\",\"last_name\":\"LAST NAME\",\"name\":\"crista\"}},{\"id\":\"33\",\"project_id\":\"10\",\"user_id\":\"1\",\"content\":\"asdfsadf\",\"deleted\":false,\"created\":\"2015-04-30 12:19:11\",\"User\":{\"id\":\"1\",\"username\":\"admin\",\"first_name\":\"Bob\",\"last_name\":\"LAST NAME\",\"name\":\"admin\"}}],\"Contract\":[{\"id\":\"16\",\"project_id\":\"10\",\"donor_id\":\"1\",\"currency_id\":\"2\",\"deleted\":false,\"created\":\"2015-04-30 12:19:00\",\"modified\":\"2015-04-30 14:29:00\",\"Donor\":{\"id\":\"1\",\"name\":\"Donor Name #1\",\"created\":null},\"Currency\":{\"id\":\"2\",\"name\":\"US Dollars\",\"code\":\"USD\"},\"Payment\":[{\"id\":\"4\",\"project_id\":null,\"contract_id\":\"16\",\"date\":\"2015-04-03\",\"value_donor_currency\":\"234.00\",\"value_gbp\":\"34234.00\",\"received\":true,\"deleted\":false,\"created\":\"2015-04-30 12:19:00\",\"modified\":\"2015-04-30 14:29:00\"},{\"id\":\"5\",\"project_id\":null,\"contract_id\":\"16\",\"date\":\"2015-04-16\",\"value_donor_currency\":\"2344.00\",\"value_gbp\":\"234.00\",\"received\":false,\"deleted\":false,\"created\":\"2015-04-30 12:19:00\",\"modified\":\"2015-04-30 14:29:00\"}]},{\"id\":\"15\",\"project_id\":\"10\",\"donor_id\":\"1\",\"currency_id\":\"3\",\"deleted\":false,\"created\":\"2015-04-30 09:58:30\",\"modified\":\"2015-04-30 14:29:00\",\"Donor\":{\"id\":\"1\",\"name\":\"Donor Name #1\",\"created\":null},\"Currency\":{\"id\":\"3\",\"name\":\"Swiss Francs\",\"code\":\"CHF\"},\"Payment\":[{\"id\":\"3\",\"project_id\":null,\"contract_id\":\"15\",\"date\":\"2015-04-01\",\"value_donor_currency\":\"1.00\",\"value_gbp\":\"2.00\",\"received\":true,\"deleted\":false,\"created\":\"2015-04-30 10:09:00\",\"modified\":\"2015-04-30 14:29:00\"},{\"id\":\"2\",\"project_id\":null,\"contract_id\":\"15\",\"date\":\"2015-04-10\",\"value_donor_currency\":\"3.00\",\"value_gbp\":\"4.00\",\"received\":true,\"deleted\":false,\"created\":\"2015-04-30 09:58:30\",\"modified\":\"2015-04-30 14:29:00\"},{\"id\":\"6\",\"project_id\":null,\"contract_id\":\"15\",\"date\":\"2015-04-10\",\"value_donor_currency\":\"900.00\",\"value_gbp\":\"31.00\",\"received\":true,\"deleted\":false,\"created\":\"2015-04-30 12:19:00\",\"modified\":\"2015-04-30 14:29:00\"},{\"id\":\"7\",\"project_id\":null,\"contract_id\":\"15\",\"date\":\"2015-04-18\",\"value_donor_currency\":\"23432.00\",\"value_gbp\":\"2342.00\",\"received\":true,\"deleted\":false,\"created\":\"2015-04-30 12:19:00\",\"modified\":\"2015-04-30 14:29:00\"}]}],\"CofinancedByProject\":[{\"id\":\"12\",\"owner_user_id\":\"2\",\"status_id\":\"3\",\"programme_id\":\"2\",\"cofinances_project_id\":\"10\",\"title\":\"gvhvjub\",\"summary\":\"\",\"start_date\":\"2015-03-27\",\"finish_date\":\"2015-04-30\",\"value_required\":\"9000\",\"value_sourced\":\"9000\",\"created\":\"2015-03-27 12:51:17\",\"modified\":\"2015-04-30 14:54:22\",\"deleted\":false}]}',NULL,'1','2015-04-30 15:28:51'),
	('55424a44-04f4-4497-b012-0bf6c0a8213a','READ','Project','10','{\"Project\":{\"id\":\"10\",\"owner_user_id\":\"2\",\"status_id\":\"4\",\"programme_id\":\"1\",\"cofinances_project_id\":null,\"title\":\"asdfasdf\",\"summary\":\"sadfasdfasdf\",\"start_date\":\"2015-03-27\",\"finish_date\":\"2015-04-17\",\"value_required\":\"23423423\",\"value_sourced\":\"36847\",\"created\":\"2015-03-27 11:04:28\",\"modified\":\"2015-04-30 14:29:00\",\"deleted\":false},\"Status\":{\"id\":\"4\",\"name\":\"Rejected\",\"short_name\":\"rejected\",\"sort_order\":\"2\"},\"Programme\":{\"id\":\"1\",\"name\":\"Africa\",\"sort_order\":\"1\"},\"OwnerUser\":{\"id\":\"2\",\"username\":\"test\",\"first_name\":\"Alice\",\"last_name\":\"LAST NAME\",\"name\":\"test\"},\"Projectnote\":[{\"id\":\"3\",\"project_id\":\"10\",\"user_id\":\"3\",\"content\":\"test\",\"deleted\":false,\"created\":\"2015-04-17 11:42:41\",\"User\":{\"id\":\"3\",\"username\":\"crista\",\"first_name\":\"Crista\",\"last_name\":\"LAST NAME\",\"name\":\"crista\"}},{\"id\":\"4\",\"project_id\":\"10\",\"user_id\":\"3\",\"content\":\"test\",\"deleted\":false,\"created\":\"2015-04-17 11:44:17\",\"User\":{\"id\":\"3\",\"username\":\"crista\",\"first_name\":\"Crista\",\"last_name\":\"LAST NAME\",\"name\":\"crista\"}},{\"id\":\"14\",\"project_id\":\"10\",\"user_id\":\"3\",\"content\":\"adfasfd\",\"deleted\":false,\"created\":\"2015-04-17 12:18:04\",\"User\":{\"id\":\"3\",\"username\":\"crista\",\"first_name\":\"Crista\",\"last_name\":\"LAST NAME\",\"name\":\"crista\"}},{\"id\":\"33\",\"project_id\":\"10\",\"user_id\":\"1\",\"content\":\"asdfsadf\",\"deleted\":false,\"created\":\"2015-04-30 12:19:11\",\"User\":{\"id\":\"1\",\"username\":\"admin\",\"first_name\":\"Bob\",\"last_name\":\"LAST NAME\",\"name\":\"admin\"}}],\"Contract\":[{\"id\":\"16\",\"project_id\":\"10\",\"donor_id\":\"1\",\"currency_id\":\"2\",\"deleted\":false,\"created\":\"2015-04-30 12:19:00\",\"modified\":\"2015-04-30 14:29:00\",\"Donor\":{\"id\":\"1\",\"name\":\"Donor Name #1\",\"created\":null},\"Currency\":{\"id\":\"2\",\"name\":\"US Dollars\",\"code\":\"USD\"},\"Payment\":[{\"id\":\"4\",\"project_id\":null,\"contract_id\":\"16\",\"date\":\"2015-04-03\",\"value_donor_currency\":\"234.00\",\"value_gbp\":\"34234.00\",\"received\":true,\"deleted\":false,\"created\":\"2015-04-30 12:19:00\",\"modified\":\"2015-04-30 14:29:00\"},{\"id\":\"5\",\"project_id\":null,\"contract_id\":\"16\",\"date\":\"2015-04-16\",\"value_donor_currency\":\"2344.00\",\"value_gbp\":\"234.00\",\"received\":false,\"deleted\":false,\"created\":\"2015-04-30 12:19:00\",\"modified\":\"2015-04-30 14:29:00\"}]},{\"id\":\"15\",\"project_id\":\"10\",\"donor_id\":\"1\",\"currency_id\":\"3\",\"deleted\":false,\"created\":\"2015-04-30 09:58:30\",\"modified\":\"2015-04-30 14:29:00\",\"Donor\":{\"id\":\"1\",\"name\":\"Donor Name #1\",\"created\":null},\"Currency\":{\"id\":\"3\",\"name\":\"Swiss Francs\",\"code\":\"CHF\"},\"Payment\":[{\"id\":\"3\",\"project_id\":null,\"contract_id\":\"15\",\"date\":\"2015-04-01\",\"value_donor_currency\":\"1.00\",\"value_gbp\":\"2.00\",\"received\":true,\"deleted\":false,\"created\":\"2015-04-30 10:09:00\",\"modified\":\"2015-04-30 14:29:00\"},{\"id\":\"2\",\"project_id\":null,\"contract_id\":\"15\",\"date\":\"2015-04-10\",\"value_donor_currency\":\"3.00\",\"value_gbp\":\"4.00\",\"received\":true,\"deleted\":false,\"created\":\"2015-04-30 09:58:30\",\"modified\":\"2015-04-30 14:29:00\"},{\"id\":\"6\",\"project_id\":null,\"contract_id\":\"15\",\"date\":\"2015-04-10\",\"value_donor_currency\":\"900.00\",\"value_gbp\":\"31.00\",\"received\":true,\"deleted\":false,\"created\":\"2015-04-30 12:19:00\",\"modified\":\"2015-04-30 14:29:00\"},{\"id\":\"7\",\"project_id\":null,\"contract_id\":\"15\",\"date\":\"2015-04-18\",\"value_donor_currency\":\"23432.00\",\"value_gbp\":\"2342.00\",\"received\":true,\"deleted\":false,\"created\":\"2015-04-30 12:19:00\",\"modified\":\"2015-04-30 14:29:00\"}]}],\"CofinancedByProject\":[{\"id\":\"12\",\"owner_user_id\":\"2\",\"status_id\":\"3\",\"programme_id\":\"2\",\"cofinances_project_id\":\"10\",\"title\":\"gvhvjub\",\"summary\":\"\",\"start_date\":\"2015-03-27\",\"finish_date\":\"2015-04-30\",\"value_required\":\"9000\",\"value_sourced\":\"9000\",\"created\":\"2015-03-27 12:51:17\",\"modified\":\"2015-04-30 14:54:22\",\"deleted\":false}]}',NULL,'1','2015-04-30 15:29:08'),
	('55424a80-9100-4003-ae4a-0ab6c0a8213a','READ','Project','10','{\"Project\":{\"id\":\"10\",\"owner_user_id\":\"2\",\"status_id\":\"4\",\"programme_id\":\"1\",\"cofinances_project_id\":null,\"title\":\"asdfasdf\",\"summary\":\"sadfasdfasdf\",\"start_date\":\"2015-03-27\",\"finish_date\":\"2015-04-17\",\"value_required\":\"23423423\",\"value_sourced\":\"36847\",\"created\":\"2015-03-27 11:04:28\",\"modified\":\"2015-04-30 14:29:00\",\"deleted\":false},\"Status\":{\"id\":\"4\",\"name\":\"Rejected\",\"short_name\":\"rejected\",\"sort_order\":\"2\"},\"Programme\":{\"id\":\"1\",\"name\":\"Africa\",\"sort_order\":\"1\"},\"OwnerUser\":{\"id\":\"2\",\"username\":\"test\",\"first_name\":\"Alice\",\"last_name\":\"LAST NAME\",\"name\":\"test\"},\"Projectnote\":[{\"id\":\"3\",\"project_id\":\"10\",\"user_id\":\"3\",\"content\":\"test\",\"deleted\":false,\"created\":\"2015-04-17 11:42:41\",\"User\":{\"id\":\"3\",\"username\":\"crista\",\"first_name\":\"Crista\",\"last_name\":\"LAST NAME\",\"name\":\"crista\"}},{\"id\":\"4\",\"project_id\":\"10\",\"user_id\":\"3\",\"content\":\"test\",\"deleted\":false,\"created\":\"2015-04-17 11:44:17\",\"User\":{\"id\":\"3\",\"username\":\"crista\",\"first_name\":\"Crista\",\"last_name\":\"LAST NAME\",\"name\":\"crista\"}},{\"id\":\"14\",\"project_id\":\"10\",\"user_id\":\"3\",\"content\":\"adfasfd\",\"deleted\":false,\"created\":\"2015-04-17 12:18:04\",\"User\":{\"id\":\"3\",\"username\":\"crista\",\"first_name\":\"Crista\",\"last_name\":\"LAST NAME\",\"name\":\"crista\"}},{\"id\":\"33\",\"project_id\":\"10\",\"user_id\":\"1\",\"content\":\"asdfsadf\",\"deleted\":false,\"created\":\"2015-04-30 12:19:11\",\"User\":{\"id\":\"1\",\"username\":\"admin\",\"first_name\":\"Bob\",\"last_name\":\"LAST NAME\",\"name\":\"admin\"}}],\"Contract\":[{\"id\":\"16\",\"project_id\":\"10\",\"donor_id\":\"1\",\"currency_id\":\"2\",\"deleted\":false,\"created\":\"2015-04-30 12:19:00\",\"modified\":\"2015-04-30 14:29:00\",\"Donor\":{\"id\":\"1\",\"name\":\"Donor Name #1\",\"created\":null},\"Currency\":{\"id\":\"2\",\"name\":\"US Dollars\",\"code\":\"USD\"},\"Payment\":[{\"id\":\"4\",\"project_id\":null,\"contract_id\":\"16\",\"date\":\"2015-04-03\",\"value_donor_currency\":\"234.00\",\"value_gbp\":\"34234.00\",\"received\":true,\"deleted\":false,\"created\":\"2015-04-30 12:19:00\",\"modified\":\"2015-04-30 14:29:00\"},{\"id\":\"5\",\"project_id\":null,\"contract_id\":\"16\",\"date\":\"2015-04-16\",\"value_donor_currency\":\"2344.00\",\"value_gbp\":\"234.00\",\"received\":false,\"deleted\":false,\"created\":\"2015-04-30 12:19:00\",\"modified\":\"2015-04-30 14:29:00\"}]},{\"id\":\"15\",\"project_id\":\"10\",\"donor_id\":\"1\",\"currency_id\":\"3\",\"deleted\":false,\"created\":\"2015-04-30 09:58:30\",\"modified\":\"2015-04-30 14:29:00\",\"Donor\":{\"id\":\"1\",\"name\":\"Donor Name #1\",\"created\":null},\"Currency\":{\"id\":\"3\",\"name\":\"Swiss Francs\",\"code\":\"CHF\"},\"Payment\":[{\"id\":\"3\",\"project_id\":null,\"contract_id\":\"15\",\"date\":\"2015-04-01\",\"value_donor_currency\":\"1.00\",\"value_gbp\":\"2.00\",\"received\":true,\"deleted\":false,\"created\":\"2015-04-30 10:09:00\",\"modified\":\"2015-04-30 14:29:00\"},{\"id\":\"2\",\"project_id\":null,\"contract_id\":\"15\",\"date\":\"2015-04-10\",\"value_donor_currency\":\"3.00\",\"value_gbp\":\"4.00\",\"received\":true,\"deleted\":false,\"created\":\"2015-04-30 09:58:30\",\"modified\":\"2015-04-30 14:29:00\"},{\"id\":\"6\",\"project_id\":null,\"contract_id\":\"15\",\"date\":\"2015-04-10\",\"value_donor_currency\":\"900.00\",\"value_gbp\":\"31.00\",\"received\":true,\"deleted\":false,\"created\":\"2015-04-30 12:19:00\",\"modified\":\"2015-04-30 14:29:00\"},{\"id\":\"7\",\"project_id\":null,\"contract_id\":\"15\",\"date\":\"2015-04-18\",\"value_donor_currency\":\"23432.00\",\"value_gbp\":\"2342.00\",\"received\":true,\"deleted\":false,\"created\":\"2015-04-30 12:19:00\",\"modified\":\"2015-04-30 14:29:00\"}]}],\"CofinancedByProject\":[{\"id\":\"12\",\"owner_user_id\":\"2\",\"status_id\":\"3\",\"programme_id\":\"2\",\"cofinances_project_id\":\"10\",\"title\":\"gvhvjub\",\"summary\":\"\",\"start_date\":\"2015-03-27\",\"finish_date\":\"2015-04-30\",\"value_required\":\"9000\",\"value_sourced\":\"9000\",\"created\":\"2015-03-27 12:51:17\",\"modified\":\"2015-04-30 14:54:22\",\"deleted\":false}]}',NULL,'1','2015-04-30 15:30:08'),
	('55424a8d-1584-4e72-be5a-0c4dc0a8213a','READ','Project','10','{\"Project\":{\"id\":\"10\",\"owner_user_id\":\"2\",\"status_id\":\"4\",\"programme_id\":\"1\",\"cofinances_project_id\":null,\"title\":\"asdfasdf\",\"summary\":\"sadfasdfasdf\",\"start_date\":\"2015-03-27\",\"finish_date\":\"2015-04-17\",\"value_required\":\"23423423\",\"value_sourced\":\"36847\",\"created\":\"2015-03-27 11:04:28\",\"modified\":\"2015-04-30 14:29:00\",\"deleted\":false},\"Status\":{\"id\":\"4\",\"name\":\"Rejected\",\"short_name\":\"rejected\",\"sort_order\":\"2\"},\"Programme\":{\"id\":\"1\",\"name\":\"Africa\",\"sort_order\":\"1\"},\"OwnerUser\":{\"id\":\"2\",\"username\":\"test\",\"first_name\":\"Alice\",\"last_name\":\"LAST NAME\",\"name\":\"test\"},\"Projectnote\":[{\"id\":\"3\",\"project_id\":\"10\",\"user_id\":\"3\",\"content\":\"test\",\"deleted\":false,\"created\":\"2015-04-17 11:42:41\",\"User\":{\"id\":\"3\",\"username\":\"crista\",\"first_name\":\"Crista\",\"last_name\":\"LAST NAME\",\"name\":\"crista\"}},{\"id\":\"4\",\"project_id\":\"10\",\"user_id\":\"3\",\"content\":\"test\",\"deleted\":false,\"created\":\"2015-04-17 11:44:17\",\"User\":{\"id\":\"3\",\"username\":\"crista\",\"first_name\":\"Crista\",\"last_name\":\"LAST NAME\",\"name\":\"crista\"}},{\"id\":\"14\",\"project_id\":\"10\",\"user_id\":\"3\",\"content\":\"adfasfd\",\"deleted\":false,\"created\":\"2015-04-17 12:18:04\",\"User\":{\"id\":\"3\",\"username\":\"crista\",\"first_name\":\"Crista\",\"last_name\":\"LAST NAME\",\"name\":\"crista\"}},{\"id\":\"33\",\"project_id\":\"10\",\"user_id\":\"1\",\"content\":\"asdfsadf\",\"deleted\":false,\"created\":\"2015-04-30 12:19:11\",\"User\":{\"id\":\"1\",\"username\":\"admin\",\"first_name\":\"Bob\",\"last_name\":\"LAST NAME\",\"name\":\"admin\"}}],\"Contract\":[{\"id\":\"16\",\"project_id\":\"10\",\"donor_id\":\"1\",\"currency_id\":\"2\",\"deleted\":false,\"created\":\"2015-04-30 12:19:00\",\"modified\":\"2015-04-30 14:29:00\",\"Donor\":{\"id\":\"1\",\"name\":\"Donor Name #1\",\"created\":null},\"Currency\":{\"id\":\"2\",\"name\":\"US Dollars\",\"code\":\"USD\"},\"Payment\":[{\"id\":\"4\",\"project_id\":null,\"contract_id\":\"16\",\"date\":\"2015-04-03\",\"value_donor_currency\":\"234.00\",\"value_gbp\":\"34234.00\",\"received\":true,\"deleted\":false,\"created\":\"2015-04-30 12:19:00\",\"modified\":\"2015-04-30 14:29:00\"},{\"id\":\"5\",\"project_id\":null,\"contract_id\":\"16\",\"date\":\"2015-04-16\",\"value_donor_currency\":\"2344.00\",\"value_gbp\":\"234.00\",\"received\":false,\"deleted\":false,\"created\":\"2015-04-30 12:19:00\",\"modified\":\"2015-04-30 14:29:00\"}]},{\"id\":\"15\",\"project_id\":\"10\",\"donor_id\":\"1\",\"currency_id\":\"3\",\"deleted\":false,\"created\":\"2015-04-30 09:58:30\",\"modified\":\"2015-04-30 14:29:00\",\"Donor\":{\"id\":\"1\",\"name\":\"Donor Name #1\",\"created\":null},\"Currency\":{\"id\":\"3\",\"name\":\"Swiss Francs\",\"code\":\"CHF\"},\"Payment\":[{\"id\":\"3\",\"project_id\":null,\"contract_id\":\"15\",\"date\":\"2015-04-01\",\"value_donor_currency\":\"1.00\",\"value_gbp\":\"2.00\",\"received\":true,\"deleted\":false,\"created\":\"2015-04-30 10:09:00\",\"modified\":\"2015-04-30 14:29:00\"},{\"id\":\"2\",\"project_id\":null,\"contract_id\":\"15\",\"date\":\"2015-04-10\",\"value_donor_currency\":\"3.00\",\"value_gbp\":\"4.00\",\"received\":true,\"deleted\":false,\"created\":\"2015-04-30 09:58:30\",\"modified\":\"2015-04-30 14:29:00\"},{\"id\":\"6\",\"project_id\":null,\"contract_id\":\"15\",\"date\":\"2015-04-10\",\"value_donor_currency\":\"900.00\",\"value_gbp\":\"31.00\",\"received\":true,\"deleted\":false,\"created\":\"2015-04-30 12:19:00\",\"modified\":\"2015-04-30 14:29:00\"},{\"id\":\"7\",\"project_id\":null,\"contract_id\":\"15\",\"date\":\"2015-04-18\",\"value_donor_currency\":\"23432.00\",\"value_gbp\":\"2342.00\",\"received\":true,\"deleted\":false,\"created\":\"2015-04-30 12:19:00\",\"modified\":\"2015-04-30 14:29:00\"}]}],\"CofinancedByProject\":[{\"id\":\"12\",\"owner_user_id\":\"2\",\"status_id\":\"3\",\"programme_id\":\"2\",\"cofinances_project_id\":\"10\",\"title\":\"gvhvjub\",\"summary\":\"\",\"start_date\":\"2015-03-27\",\"finish_date\":\"2015-04-30\",\"value_required\":\"9000\",\"value_sourced\":\"9000\",\"created\":\"2015-03-27 12:51:17\",\"modified\":\"2015-04-30 14:54:22\",\"deleted\":false}]}',NULL,'1','2015-04-30 15:30:21'),
	('55424b9b-ff54-4552-b49f-0ab6c0a8213a','READ','Project','10','{\"Project\":{\"id\":\"10\",\"owner_user_id\":\"2\",\"status_id\":\"4\",\"programme_id\":\"1\",\"cofinances_project_id\":null,\"title\":\"asdfasdf\",\"summary\":\"sadfasdfasdf\",\"start_date\":\"2015-03-27\",\"finish_date\":\"2015-04-17\",\"value_required\":\"23423423\",\"value_sourced\":\"36847\",\"created\":\"2015-03-27 11:04:28\",\"modified\":\"2015-04-30 14:29:00\",\"deleted\":false},\"Status\":{\"id\":\"4\",\"name\":\"Rejected\",\"short_name\":\"rejected\",\"sort_order\":\"2\"},\"Programme\":{\"id\":\"1\",\"name\":\"Africa\",\"sort_order\":\"1\"},\"OwnerUser\":{\"id\":\"2\",\"username\":\"test\",\"first_name\":\"Alice\",\"last_name\":\"LAST NAME\",\"name\":\"test\"},\"Projectnote\":[{\"id\":\"3\",\"project_id\":\"10\",\"user_id\":\"3\",\"content\":\"test\",\"deleted\":false,\"created\":\"2015-04-17 11:42:41\",\"User\":{\"id\":\"3\",\"username\":\"crista\",\"first_name\":\"Crista\",\"last_name\":\"LAST NAME\",\"name\":\"crista\"}},{\"id\":\"4\",\"project_id\":\"10\",\"user_id\":\"3\",\"content\":\"test\",\"deleted\":false,\"created\":\"2015-04-17 11:44:17\",\"User\":{\"id\":\"3\",\"username\":\"crista\",\"first_name\":\"Crista\",\"last_name\":\"LAST NAME\",\"name\":\"crista\"}},{\"id\":\"14\",\"project_id\":\"10\",\"user_id\":\"3\",\"content\":\"adfasfd\",\"deleted\":false,\"created\":\"2015-04-17 12:18:04\",\"User\":{\"id\":\"3\",\"username\":\"crista\",\"first_name\":\"Crista\",\"last_name\":\"LAST NAME\",\"name\":\"crista\"}},{\"id\":\"33\",\"project_id\":\"10\",\"user_id\":\"1\",\"content\":\"asdfsadf\",\"deleted\":false,\"created\":\"2015-04-30 12:19:11\",\"User\":{\"id\":\"1\",\"username\":\"admin\",\"first_name\":\"Bob\",\"last_name\":\"LAST NAME\",\"name\":\"admin\"}}],\"Contract\":[{\"id\":\"16\",\"project_id\":\"10\",\"donor_id\":\"1\",\"currency_id\":\"2\",\"deleted\":false,\"created\":\"2015-04-30 12:19:00\",\"modified\":\"2015-04-30 14:29:00\",\"Donor\":{\"id\":\"1\",\"name\":\"Donor Name #1\",\"created\":null},\"Currency\":{\"id\":\"2\",\"name\":\"US Dollars\",\"code\":\"USD\"},\"Payment\":[{\"id\":\"4\",\"project_id\":null,\"contract_id\":\"16\",\"date\":\"2015-04-03\",\"value_donor_currency\":\"234.00\",\"value_gbp\":\"34234.00\",\"received\":true,\"deleted\":false,\"created\":\"2015-04-30 12:19:00\",\"modified\":\"2015-04-30 14:29:00\"},{\"id\":\"5\",\"project_id\":null,\"contract_id\":\"16\",\"date\":\"2015-04-16\",\"value_donor_currency\":\"2344.00\",\"value_gbp\":\"234.00\",\"received\":false,\"deleted\":false,\"created\":\"2015-04-30 12:19:00\",\"modified\":\"2015-04-30 14:29:00\"}]},{\"id\":\"15\",\"project_id\":\"10\",\"donor_id\":\"1\",\"currency_id\":\"3\",\"deleted\":false,\"created\":\"2015-04-30 09:58:30\",\"modified\":\"2015-04-30 14:29:00\",\"Donor\":{\"id\":\"1\",\"name\":\"Donor Name #1\",\"created\":null},\"Currency\":{\"id\":\"3\",\"name\":\"Swiss Francs\",\"code\":\"CHF\"},\"Payment\":[{\"id\":\"3\",\"project_id\":null,\"contract_id\":\"15\",\"date\":\"2015-04-01\",\"value_donor_currency\":\"1.00\",\"value_gbp\":\"2.00\",\"received\":true,\"deleted\":false,\"created\":\"2015-04-30 10:09:00\",\"modified\":\"2015-04-30 14:29:00\"},{\"id\":\"2\",\"project_id\":null,\"contract_id\":\"15\",\"date\":\"2015-04-10\",\"value_donor_currency\":\"3.00\",\"value_gbp\":\"4.00\",\"received\":true,\"deleted\":false,\"created\":\"2015-04-30 09:58:30\",\"modified\":\"2015-04-30 14:29:00\"},{\"id\":\"6\",\"project_id\":null,\"contract_id\":\"15\",\"date\":\"2015-04-10\",\"value_donor_currency\":\"900.00\",\"value_gbp\":\"31.00\",\"received\":true,\"deleted\":false,\"created\":\"2015-04-30 12:19:00\",\"modified\":\"2015-04-30 14:29:00\"},{\"id\":\"7\",\"project_id\":null,\"contract_id\":\"15\",\"date\":\"2015-04-18\",\"value_donor_currency\":\"23432.00\",\"value_gbp\":\"2342.00\",\"received\":true,\"deleted\":false,\"created\":\"2015-04-30 12:19:00\",\"modified\":\"2015-04-30 14:29:00\"}]}],\"CofinancedByProject\":[{\"id\":\"12\",\"owner_user_id\":\"2\",\"status_id\":\"3\",\"programme_id\":\"2\",\"cofinances_project_id\":\"10\",\"title\":\"gvhvjub\",\"summary\":\"\",\"start_date\":\"2015-03-27\",\"finish_date\":\"2015-04-30\",\"value_required\":\"9000\",\"value_sourced\":\"9000\",\"created\":\"2015-03-27 12:51:17\",\"modified\":\"2015-04-30 14:54:22\",\"deleted\":false}]}',NULL,'1','2015-04-30 15:34:51'),
	('55424c24-9d54-482a-85d5-0c55c0a8213a','READ','Project','10','{\"Project\":{\"id\":\"10\",\"owner_user_id\":\"2\",\"status_id\":\"4\",\"programme_id\":\"1\",\"cofinances_project_id\":null,\"title\":\"asdfasdf\",\"summary\":\"sadfasdfasdf\",\"start_date\":\"2015-03-27\",\"finish_date\":\"2015-04-17\",\"value_required\":\"23423423\",\"value_sourced\":\"36847\",\"created\":\"2015-03-27 11:04:28\",\"modified\":\"2015-04-30 14:29:00\",\"deleted\":false},\"Status\":{\"id\":\"4\",\"name\":\"Rejected\",\"short_name\":\"rejected\",\"sort_order\":\"2\"},\"Programme\":{\"id\":\"1\",\"name\":\"Africa\",\"sort_order\":\"1\"},\"OwnerUser\":{\"id\":\"2\",\"username\":\"test\",\"first_name\":\"Alice\",\"last_name\":\"LAST NAME\",\"name\":\"test\"},\"Projectnote\":[{\"id\":\"3\",\"project_id\":\"10\",\"user_id\":\"3\",\"content\":\"test\",\"deleted\":false,\"created\":\"2015-04-17 11:42:41\",\"User\":{\"id\":\"3\",\"username\":\"crista\",\"first_name\":\"Crista\",\"last_name\":\"LAST NAME\",\"name\":\"crista\"}},{\"id\":\"4\",\"project_id\":\"10\",\"user_id\":\"3\",\"content\":\"test\",\"deleted\":false,\"created\":\"2015-04-17 11:44:17\",\"User\":{\"id\":\"3\",\"username\":\"crista\",\"first_name\":\"Crista\",\"last_name\":\"LAST NAME\",\"name\":\"crista\"}},{\"id\":\"14\",\"project_id\":\"10\",\"user_id\":\"3\",\"content\":\"adfasfd\",\"deleted\":false,\"created\":\"2015-04-17 12:18:04\",\"User\":{\"id\":\"3\",\"username\":\"crista\",\"first_name\":\"Crista\",\"last_name\":\"LAST NAME\",\"name\":\"crista\"}},{\"id\":\"33\",\"project_id\":\"10\",\"user_id\":\"1\",\"content\":\"asdfsadf\",\"deleted\":false,\"created\":\"2015-04-30 12:19:11\",\"User\":{\"id\":\"1\",\"username\":\"admin\",\"first_name\":\"Bob\",\"last_name\":\"LAST NAME\",\"name\":\"admin\"}}],\"Contract\":[{\"id\":\"16\",\"project_id\":\"10\",\"donor_id\":\"1\",\"currency_id\":\"2\",\"deleted\":false,\"created\":\"2015-04-30 12:19:00\",\"modified\":\"2015-04-30 14:29:00\",\"Donor\":{\"id\":\"1\",\"name\":\"Donor Name #1\",\"created\":null},\"Currency\":{\"id\":\"2\",\"name\":\"US Dollars\",\"code\":\"USD\"},\"Payment\":[{\"id\":\"4\",\"project_id\":null,\"contract_id\":\"16\",\"date\":\"2015-04-03\",\"value_donor_currency\":\"234.00\",\"value_gbp\":\"34234.00\",\"received\":true,\"deleted\":false,\"created\":\"2015-04-30 12:19:00\",\"modified\":\"2015-04-30 14:29:00\"},{\"id\":\"5\",\"project_id\":null,\"contract_id\":\"16\",\"date\":\"2015-04-16\",\"value_donor_currency\":\"2344.00\",\"value_gbp\":\"234.00\",\"received\":false,\"deleted\":false,\"created\":\"2015-04-30 12:19:00\",\"modified\":\"2015-04-30 14:29:00\"}]},{\"id\":\"15\",\"project_id\":\"10\",\"donor_id\":\"1\",\"currency_id\":\"3\",\"deleted\":false,\"created\":\"2015-04-30 09:58:30\",\"modified\":\"2015-04-30 14:29:00\",\"Donor\":{\"id\":\"1\",\"name\":\"Donor Name #1\",\"created\":null},\"Currency\":{\"id\":\"3\",\"name\":\"Swiss Francs\",\"code\":\"CHF\"},\"Payment\":[{\"id\":\"3\",\"project_id\":null,\"contract_id\":\"15\",\"date\":\"2015-04-01\",\"value_donor_currency\":\"1.00\",\"value_gbp\":\"2.00\",\"received\":true,\"deleted\":false,\"created\":\"2015-04-30 10:09:00\",\"modified\":\"2015-04-30 14:29:00\"},{\"id\":\"2\",\"project_id\":null,\"contract_id\":\"15\",\"date\":\"2015-04-10\",\"value_donor_currency\":\"3.00\",\"value_gbp\":\"4.00\",\"received\":true,\"deleted\":false,\"created\":\"2015-04-30 09:58:30\",\"modified\":\"2015-04-30 14:29:00\"},{\"id\":\"6\",\"project_id\":null,\"contract_id\":\"15\",\"date\":\"2015-04-10\",\"value_donor_currency\":\"900.00\",\"value_gbp\":\"31.00\",\"received\":true,\"deleted\":false,\"created\":\"2015-04-30 12:19:00\",\"modified\":\"2015-04-30 14:29:00\"},{\"id\":\"7\",\"project_id\":null,\"contract_id\":\"15\",\"date\":\"2015-04-18\",\"value_donor_currency\":\"23432.00\",\"value_gbp\":\"2342.00\",\"received\":true,\"deleted\":false,\"created\":\"2015-04-30 12:19:00\",\"modified\":\"2015-04-30 14:29:00\"}]}],\"CofinancedByProject\":[{\"id\":\"12\",\"owner_user_id\":\"2\",\"status_id\":\"3\",\"programme_id\":\"2\",\"cofinances_project_id\":\"10\",\"title\":\"gvhvjub\",\"summary\":\"\",\"start_date\":\"2015-03-27\",\"finish_date\":\"2015-04-30\",\"value_required\":\"9000\",\"value_sourced\":\"9000\",\"created\":\"2015-03-27 12:51:17\",\"modified\":\"2015-04-30 14:54:22\",\"deleted\":false}]}',NULL,'1','2015-04-30 15:37:08'),
	('55424c2e-b7e4-4c20-95c5-0c02c0a8213a','READ','Project','10','{\"Project\":{\"id\":\"10\",\"owner_user_id\":\"2\",\"status_id\":\"4\",\"programme_id\":\"1\",\"cofinances_project_id\":null,\"title\":\"asdfasdf\",\"summary\":\"sadfasdfasdf\",\"start_date\":\"2015-03-27\",\"finish_date\":\"2015-04-17\",\"value_required\":\"23423423\",\"value_sourced\":\"36847\",\"created\":\"2015-03-27 11:04:28\",\"modified\":\"2015-04-30 14:29:00\",\"deleted\":false},\"Status\":{\"id\":\"4\",\"name\":\"Rejected\",\"short_name\":\"rejected\",\"sort_order\":\"2\"},\"Programme\":{\"id\":\"1\",\"name\":\"Africa\",\"sort_order\":\"1\"},\"OwnerUser\":{\"id\":\"2\",\"username\":\"test\",\"first_name\":\"Alice\",\"last_name\":\"LAST NAME\",\"name\":\"test\"},\"Projectnote\":[{\"id\":\"3\",\"project_id\":\"10\",\"user_id\":\"3\",\"content\":\"test\",\"deleted\":false,\"created\":\"2015-04-17 11:42:41\",\"User\":{\"id\":\"3\",\"username\":\"crista\",\"first_name\":\"Crista\",\"last_name\":\"LAST NAME\",\"name\":\"crista\"}},{\"id\":\"4\",\"project_id\":\"10\",\"user_id\":\"3\",\"content\":\"test\",\"deleted\":false,\"created\":\"2015-04-17 11:44:17\",\"User\":{\"id\":\"3\",\"username\":\"crista\",\"first_name\":\"Crista\",\"last_name\":\"LAST NAME\",\"name\":\"crista\"}},{\"id\":\"14\",\"project_id\":\"10\",\"user_id\":\"3\",\"content\":\"adfasfd\",\"deleted\":false,\"created\":\"2015-04-17 12:18:04\",\"User\":{\"id\":\"3\",\"username\":\"crista\",\"first_name\":\"Crista\",\"last_name\":\"LAST NAME\",\"name\":\"crista\"}},{\"id\":\"33\",\"project_id\":\"10\",\"user_id\":\"1\",\"content\":\"asdfsadf\",\"deleted\":false,\"created\":\"2015-04-30 12:19:11\",\"User\":{\"id\":\"1\",\"username\":\"admin\",\"first_name\":\"Bob\",\"last_name\":\"LAST NAME\",\"name\":\"admin\"}}],\"Contract\":[{\"id\":\"16\",\"project_id\":\"10\",\"donor_id\":\"1\",\"currency_id\":\"2\",\"deleted\":false,\"created\":\"2015-04-30 12:19:00\",\"modified\":\"2015-04-30 14:29:00\",\"Donor\":{\"id\":\"1\",\"name\":\"Donor Name #1\",\"created\":null},\"Currency\":{\"id\":\"2\",\"name\":\"US Dollars\",\"code\":\"USD\"},\"Payment\":[{\"id\":\"4\",\"project_id\":null,\"contract_id\":\"16\",\"date\":\"2015-04-03\",\"value_donor_currency\":\"234.00\",\"value_gbp\":\"34234.00\",\"received\":true,\"deleted\":false,\"created\":\"2015-04-30 12:19:00\",\"modified\":\"2015-04-30 14:29:00\"},{\"id\":\"5\",\"project_id\":null,\"contract_id\":\"16\",\"date\":\"2015-04-16\",\"value_donor_currency\":\"2344.00\",\"value_gbp\":\"234.00\",\"received\":false,\"deleted\":false,\"created\":\"2015-04-30 12:19:00\",\"modified\":\"2015-04-30 14:29:00\"}]},{\"id\":\"15\",\"project_id\":\"10\",\"donor_id\":\"1\",\"currency_id\":\"3\",\"deleted\":false,\"created\":\"2015-04-30 09:58:30\",\"modified\":\"2015-04-30 14:29:00\",\"Donor\":{\"id\":\"1\",\"name\":\"Donor Name #1\",\"created\":null},\"Currency\":{\"id\":\"3\",\"name\":\"Swiss Francs\",\"code\":\"CHF\"},\"Payment\":[{\"id\":\"3\",\"project_id\":null,\"contract_id\":\"15\",\"date\":\"2015-04-01\",\"value_donor_currency\":\"1.00\",\"value_gbp\":\"2.00\",\"received\":true,\"deleted\":false,\"created\":\"2015-04-30 10:09:00\",\"modified\":\"2015-04-30 14:29:00\"},{\"id\":\"2\",\"project_id\":null,\"contract_id\":\"15\",\"date\":\"2015-04-10\",\"value_donor_currency\":\"3.00\",\"value_gbp\":\"4.00\",\"received\":true,\"deleted\":false,\"created\":\"2015-04-30 09:58:30\",\"modified\":\"2015-04-30 14:29:00\"},{\"id\":\"6\",\"project_id\":null,\"contract_id\":\"15\",\"date\":\"2015-04-10\",\"value_donor_currency\":\"900.00\",\"value_gbp\":\"31.00\",\"received\":true,\"deleted\":false,\"created\":\"2015-04-30 12:19:00\",\"modified\":\"2015-04-30 14:29:00\"},{\"id\":\"7\",\"project_id\":null,\"contract_id\":\"15\",\"date\":\"2015-04-18\",\"value_donor_currency\":\"23432.00\",\"value_gbp\":\"2342.00\",\"received\":true,\"deleted\":false,\"created\":\"2015-04-30 12:19:00\",\"modified\":\"2015-04-30 14:29:00\"}]}],\"CofinancedByProject\":[{\"id\":\"12\",\"owner_user_id\":\"2\",\"status_id\":\"3\",\"programme_id\":\"2\",\"cofinances_project_id\":\"10\",\"title\":\"gvhvjub\",\"summary\":\"\",\"start_date\":\"2015-03-27\",\"finish_date\":\"2015-04-30\",\"value_required\":\"9000\",\"value_sourced\":\"9000\",\"created\":\"2015-03-27 12:51:17\",\"modified\":\"2015-04-30 14:54:22\",\"deleted\":false}]}',NULL,'1','2015-04-30 15:37:18'),
	('55424c3b-14d8-45f4-8c15-0cc1c0a8213a','READ','Project','10','{\"Project\":{\"id\":\"10\",\"owner_user_id\":\"2\",\"status_id\":\"4\",\"programme_id\":\"1\",\"cofinances_project_id\":null,\"title\":\"asdfasdf\",\"summary\":\"sadfasdfasdf\",\"start_date\":\"2015-03-27\",\"finish_date\":\"2015-04-17\",\"value_required\":\"23423423\",\"value_sourced\":\"36847\",\"created\":\"2015-03-27 11:04:28\",\"modified\":\"2015-04-30 14:29:00\",\"deleted\":false},\"Status\":{\"id\":\"4\",\"name\":\"Rejected\",\"short_name\":\"rejected\",\"sort_order\":\"2\"},\"Programme\":{\"id\":\"1\",\"name\":\"Africa\",\"sort_order\":\"1\"},\"OwnerUser\":{\"id\":\"2\",\"username\":\"test\",\"first_name\":\"Alice\",\"last_name\":\"LAST NAME\",\"name\":\"test\"},\"Projectnote\":[{\"id\":\"3\",\"project_id\":\"10\",\"user_id\":\"3\",\"content\":\"test\",\"deleted\":false,\"created\":\"2015-04-17 11:42:41\",\"User\":{\"id\":\"3\",\"username\":\"crista\",\"first_name\":\"Crista\",\"last_name\":\"LAST NAME\",\"name\":\"crista\"}},{\"id\":\"4\",\"project_id\":\"10\",\"user_id\":\"3\",\"content\":\"test\",\"deleted\":false,\"created\":\"2015-04-17 11:44:17\",\"User\":{\"id\":\"3\",\"username\":\"crista\",\"first_name\":\"Crista\",\"last_name\":\"LAST NAME\",\"name\":\"crista\"}},{\"id\":\"14\",\"project_id\":\"10\",\"user_id\":\"3\",\"content\":\"adfasfd\",\"deleted\":false,\"created\":\"2015-04-17 12:18:04\",\"User\":{\"id\":\"3\",\"username\":\"crista\",\"first_name\":\"Crista\",\"last_name\":\"LAST NAME\",\"name\":\"crista\"}},{\"id\":\"33\",\"project_id\":\"10\",\"user_id\":\"1\",\"content\":\"asdfsadf\",\"deleted\":false,\"created\":\"2015-04-30 12:19:11\",\"User\":{\"id\":\"1\",\"username\":\"admin\",\"first_name\":\"Bob\",\"last_name\":\"LAST NAME\",\"name\":\"admin\"}}],\"Contract\":[{\"id\":\"16\",\"project_id\":\"10\",\"donor_id\":\"1\",\"currency_id\":\"2\",\"deleted\":false,\"created\":\"2015-04-30 12:19:00\",\"modified\":\"2015-04-30 14:29:00\",\"Donor\":{\"id\":\"1\",\"name\":\"Donor Name #1\",\"created\":null},\"Currency\":{\"id\":\"2\",\"name\":\"US Dollars\",\"code\":\"USD\"},\"Payment\":[{\"id\":\"4\",\"project_id\":null,\"contract_id\":\"16\",\"date\":\"2015-04-03\",\"value_donor_currency\":\"234.00\",\"value_gbp\":\"34234.00\",\"received\":true,\"deleted\":false,\"created\":\"2015-04-30 12:19:00\",\"modified\":\"2015-04-30 14:29:00\"},{\"id\":\"5\",\"project_id\":null,\"contract_id\":\"16\",\"date\":\"2015-04-16\",\"value_donor_currency\":\"2344.00\",\"value_gbp\":\"234.00\",\"received\":false,\"deleted\":false,\"created\":\"2015-04-30 12:19:00\",\"modified\":\"2015-04-30 14:29:00\"}]},{\"id\":\"15\",\"project_id\":\"10\",\"donor_id\":\"1\",\"currency_id\":\"3\",\"deleted\":false,\"created\":\"2015-04-30 09:58:30\",\"modified\":\"2015-04-30 14:29:00\",\"Donor\":{\"id\":\"1\",\"name\":\"Donor Name #1\",\"created\":null},\"Currency\":{\"id\":\"3\",\"name\":\"Swiss Francs\",\"code\":\"CHF\"},\"Payment\":[{\"id\":\"3\",\"project_id\":null,\"contract_id\":\"15\",\"date\":\"2015-04-01\",\"value_donor_currency\":\"1.00\",\"value_gbp\":\"2.00\",\"received\":true,\"deleted\":false,\"created\":\"2015-04-30 10:09:00\",\"modified\":\"2015-04-30 14:29:00\"},{\"id\":\"2\",\"project_id\":null,\"contract_id\":\"15\",\"date\":\"2015-04-10\",\"value_donor_currency\":\"3.00\",\"value_gbp\":\"4.00\",\"received\":true,\"deleted\":false,\"created\":\"2015-04-30 09:58:30\",\"modified\":\"2015-04-30 14:29:00\"},{\"id\":\"6\",\"project_id\":null,\"contract_id\":\"15\",\"date\":\"2015-04-10\",\"value_donor_currency\":\"900.00\",\"value_gbp\":\"31.00\",\"received\":true,\"deleted\":false,\"created\":\"2015-04-30 12:19:00\",\"modified\":\"2015-04-30 14:29:00\"},{\"id\":\"7\",\"project_id\":null,\"contract_id\":\"15\",\"date\":\"2015-04-18\",\"value_donor_currency\":\"23432.00\",\"value_gbp\":\"2342.00\",\"received\":true,\"deleted\":false,\"created\":\"2015-04-30 12:19:00\",\"modified\":\"2015-04-30 14:29:00\"}]}],\"CofinancedByProject\":[{\"id\":\"12\",\"owner_user_id\":\"2\",\"status_id\":\"3\",\"programme_id\":\"2\",\"cofinances_project_id\":\"10\",\"title\":\"gvhvjub\",\"summary\":\"\",\"start_date\":\"2015-03-27\",\"finish_date\":\"2015-04-30\",\"value_required\":\"9000\",\"value_sourced\":\"9000\",\"created\":\"2015-03-27 12:51:17\",\"modified\":\"2015-04-30 14:54:22\",\"deleted\":false}]}',NULL,'1','2015-04-30 15:37:31'),
	('55433f6c-5eac-4014-ba31-06eec0a8213a','READ','Project','10','{\"Project\":{\"id\":\"10\",\"owner_user_id\":\"2\",\"status_id\":\"4\",\"programme_id\":\"1\",\"cofinances_project_id\":null,\"title\":\"asdfasdf\",\"summary\":\"sadfasdfasdf\",\"start_date\":\"2015-03-27\",\"finish_date\":\"2015-04-17\",\"value_required\":\"23423423\",\"value_sourced\":\"36847\",\"created\":\"2015-03-27 11:04:28\",\"modified\":\"2015-04-30 14:29:00\",\"deleted\":false},\"Status\":{\"id\":\"4\",\"name\":\"Rejected\",\"short_name\":\"rejected\",\"sort_order\":\"2\"},\"Programme\":{\"id\":\"1\",\"name\":\"Africa\",\"sort_order\":\"1\"},\"OwnerUser\":{\"id\":\"2\",\"username\":\"test\",\"first_name\":\"Alice\",\"last_name\":\"LAST NAME\",\"name\":\"test\"},\"Projectnote\":[{\"id\":\"3\",\"project_id\":\"10\",\"user_id\":\"3\",\"content\":\"test\",\"deleted\":false,\"created\":\"2015-04-17 11:42:41\",\"User\":{\"id\":\"3\",\"username\":\"crista\",\"first_name\":\"Crista\",\"last_name\":\"LAST NAME\",\"name\":\"crista\"}},{\"id\":\"4\",\"project_id\":\"10\",\"user_id\":\"3\",\"content\":\"test\",\"deleted\":false,\"created\":\"2015-04-17 11:44:17\",\"User\":{\"id\":\"3\",\"username\":\"crista\",\"first_name\":\"Crista\",\"last_name\":\"LAST NAME\",\"name\":\"crista\"}},{\"id\":\"14\",\"project_id\":\"10\",\"user_id\":\"3\",\"content\":\"adfasfd\",\"deleted\":false,\"created\":\"2015-04-17 12:18:04\",\"User\":{\"id\":\"3\",\"username\":\"crista\",\"first_name\":\"Crista\",\"last_name\":\"LAST NAME\",\"name\":\"crista\"}},{\"id\":\"33\",\"project_id\":\"10\",\"user_id\":\"1\",\"content\":\"asdfsadf\",\"deleted\":false,\"created\":\"2015-04-30 12:19:11\",\"User\":{\"id\":\"1\",\"username\":\"admin\",\"first_name\":\"Bob\",\"last_name\":\"LAST NAME\",\"name\":\"admin\"}}],\"Contract\":[{\"id\":\"16\",\"project_id\":\"10\",\"donor_id\":\"1\",\"currency_id\":\"2\",\"deleted\":false,\"created\":\"2015-04-30 12:19:00\",\"modified\":\"2015-04-30 14:29:00\",\"Donor\":{\"id\":\"1\",\"name\":\"Donor Name #1\",\"created\":null},\"Currency\":{\"id\":\"2\",\"name\":\"US Dollars\",\"code\":\"USD\"},\"Payment\":[{\"id\":\"4\",\"project_id\":null,\"contract_id\":\"16\",\"date\":\"2015-04-03\",\"value_donor_currency\":\"234.00\",\"value_gbp\":\"34234.00\",\"received\":true,\"deleted\":false,\"created\":\"2015-04-30 12:19:00\",\"modified\":\"2015-04-30 14:29:00\"},{\"id\":\"5\",\"project_id\":null,\"contract_id\":\"16\",\"date\":\"2015-04-16\",\"value_donor_currency\":\"2344.00\",\"value_gbp\":\"234.00\",\"received\":false,\"deleted\":false,\"created\":\"2015-04-30 12:19:00\",\"modified\":\"2015-04-30 14:29:00\"}]},{\"id\":\"15\",\"project_id\":\"10\",\"donor_id\":\"1\",\"currency_id\":\"3\",\"deleted\":false,\"created\":\"2015-04-30 09:58:30\",\"modified\":\"2015-04-30 14:29:00\",\"Donor\":{\"id\":\"1\",\"name\":\"Donor Name #1\",\"created\":null},\"Currency\":{\"id\":\"3\",\"name\":\"Swiss Francs\",\"code\":\"CHF\"},\"Payment\":[{\"id\":\"3\",\"project_id\":null,\"contract_id\":\"15\",\"date\":\"2015-04-01\",\"value_donor_currency\":\"1.00\",\"value_gbp\":\"2.00\",\"received\":true,\"deleted\":false,\"created\":\"2015-04-30 10:09:00\",\"modified\":\"2015-04-30 14:29:00\"},{\"id\":\"2\",\"project_id\":null,\"contract_id\":\"15\",\"date\":\"2015-04-10\",\"value_donor_currency\":\"3.00\",\"value_gbp\":\"4.00\",\"received\":true,\"deleted\":false,\"created\":\"2015-04-30 09:58:30\",\"modified\":\"2015-04-30 14:29:00\"},{\"id\":\"6\",\"project_id\":null,\"contract_id\":\"15\",\"date\":\"2015-04-10\",\"value_donor_currency\":\"900.00\",\"value_gbp\":\"31.00\",\"received\":true,\"deleted\":false,\"created\":\"2015-04-30 12:19:00\",\"modified\":\"2015-04-30 14:29:00\"},{\"id\":\"7\",\"project_id\":null,\"contract_id\":\"15\",\"date\":\"2015-04-18\",\"value_donor_currency\":\"23432.00\",\"value_gbp\":\"2342.00\",\"received\":true,\"deleted\":false,\"created\":\"2015-04-30 12:19:00\",\"modified\":\"2015-04-30 14:29:00\"}]}],\"CofinancedByProject\":[{\"id\":\"12\",\"owner_user_id\":\"2\",\"status_id\":\"3\",\"programme_id\":\"2\",\"cofinances_project_id\":\"10\",\"title\":\"gvhvjub\",\"summary\":\"\",\"start_date\":\"2015-03-27\",\"finish_date\":\"2015-04-30\",\"value_required\":\"9000\",\"value_sourced\":\"9000\",\"created\":\"2015-03-27 12:51:17\",\"modified\":\"2015-04-30 14:54:22\",\"deleted\":false}]}',NULL,'1','2015-05-01 08:55:08'),
	('55433f82-bd68-4e45-9b08-06f2c0a8213a','READ','Project','10','{\"Project\":{\"id\":\"10\",\"owner_user_id\":\"2\",\"status_id\":\"4\",\"programme_id\":\"1\",\"cofinances_project_id\":null,\"title\":\"asdfasdf\",\"summary\":\"sadfasdfasdf\",\"start_date\":\"2015-03-27\",\"finish_date\":\"2015-04-17\",\"value_required\":\"23423423\",\"value_sourced\":\"36847\",\"created\":\"2015-03-27 11:04:28\",\"modified\":\"2015-04-30 14:29:00\",\"deleted\":false},\"Status\":{\"id\":\"4\",\"name\":\"Rejected\",\"short_name\":\"rejected\",\"sort_order\":\"2\"},\"Programme\":{\"id\":\"1\",\"name\":\"Africa\",\"sort_order\":\"1\"},\"OwnerUser\":{\"id\":\"2\",\"username\":\"test\",\"first_name\":\"Alice\",\"last_name\":\"LAST NAME\",\"name\":\"test\"},\"Projectnote\":[{\"id\":\"3\",\"project_id\":\"10\",\"user_id\":\"3\",\"content\":\"test\",\"deleted\":false,\"created\":\"2015-04-17 11:42:41\",\"User\":{\"id\":\"3\",\"username\":\"crista\",\"first_name\":\"Crista\",\"last_name\":\"LAST NAME\",\"name\":\"crista\"}},{\"id\":\"4\",\"project_id\":\"10\",\"user_id\":\"3\",\"content\":\"test\",\"deleted\":false,\"created\":\"2015-04-17 11:44:17\",\"User\":{\"id\":\"3\",\"username\":\"crista\",\"first_name\":\"Crista\",\"last_name\":\"LAST NAME\",\"name\":\"crista\"}},{\"id\":\"14\",\"project_id\":\"10\",\"user_id\":\"3\",\"content\":\"adfasfd\",\"deleted\":false,\"created\":\"2015-04-17 12:18:04\",\"User\":{\"id\":\"3\",\"username\":\"crista\",\"first_name\":\"Crista\",\"last_name\":\"LAST NAME\",\"name\":\"crista\"}},{\"id\":\"33\",\"project_id\":\"10\",\"user_id\":\"1\",\"content\":\"asdfsadf\",\"deleted\":false,\"created\":\"2015-04-30 12:19:11\",\"User\":{\"id\":\"1\",\"username\":\"admin\",\"first_name\":\"Bob\",\"last_name\":\"LAST NAME\",\"name\":\"admin\"}}],\"Contract\":[{\"id\":\"16\",\"project_id\":\"10\",\"donor_id\":\"1\",\"currency_id\":\"2\",\"deleted\":false,\"created\":\"2015-04-30 12:19:00\",\"modified\":\"2015-04-30 14:29:00\",\"Donor\":{\"id\":\"1\",\"name\":\"Donor Name #1\",\"created\":null},\"Currency\":{\"id\":\"2\",\"name\":\"US Dollars\",\"code\":\"USD\"},\"Payment\":[{\"id\":\"4\",\"project_id\":null,\"contract_id\":\"16\",\"date\":\"2015-04-03\",\"value_donor_currency\":\"234.00\",\"value_gbp\":\"34234.00\",\"received\":true,\"deleted\":false,\"created\":\"2015-04-30 12:19:00\",\"modified\":\"2015-04-30 14:29:00\"},{\"id\":\"5\",\"project_id\":null,\"contract_id\":\"16\",\"date\":\"2015-04-16\",\"value_donor_currency\":\"2344.00\",\"value_gbp\":\"234.00\",\"received\":false,\"deleted\":false,\"created\":\"2015-04-30 12:19:00\",\"modified\":\"2015-04-30 14:29:00\"}]},{\"id\":\"15\",\"project_id\":\"10\",\"donor_id\":\"1\",\"currency_id\":\"3\",\"deleted\":false,\"created\":\"2015-04-30 09:58:30\",\"modified\":\"2015-04-30 14:29:00\",\"Donor\":{\"id\":\"1\",\"name\":\"Donor Name #1\",\"created\":null},\"Currency\":{\"id\":\"3\",\"name\":\"Swiss Francs\",\"code\":\"CHF\"},\"Payment\":[{\"id\":\"3\",\"project_id\":null,\"contract_id\":\"15\",\"date\":\"2015-04-01\",\"value_donor_currency\":\"1.00\",\"value_gbp\":\"2.00\",\"received\":true,\"deleted\":false,\"created\":\"2015-04-30 10:09:00\",\"modified\":\"2015-04-30 14:29:00\"},{\"id\":\"2\",\"project_id\":null,\"contract_id\":\"15\",\"date\":\"2015-04-10\",\"value_donor_currency\":\"3.00\",\"value_gbp\":\"4.00\",\"received\":true,\"deleted\":false,\"created\":\"2015-04-30 09:58:30\",\"modified\":\"2015-04-30 14:29:00\"},{\"id\":\"6\",\"project_id\":null,\"contract_id\":\"15\",\"date\":\"2015-04-10\",\"value_donor_currency\":\"900.00\",\"value_gbp\":\"31.00\",\"received\":true,\"deleted\":false,\"created\":\"2015-04-30 12:19:00\",\"modified\":\"2015-04-30 14:29:00\"},{\"id\":\"7\",\"project_id\":null,\"contract_id\":\"15\",\"date\":\"2015-04-18\",\"value_donor_currency\":\"23432.00\",\"value_gbp\":\"2342.00\",\"received\":true,\"deleted\":false,\"created\":\"2015-04-30 12:19:00\",\"modified\":\"2015-04-30 14:29:00\"}]}],\"CofinancedByProject\":[{\"id\":\"12\",\"owner_user_id\":\"2\",\"status_id\":\"3\",\"programme_id\":\"2\",\"cofinances_project_id\":\"10\",\"title\":\"gvhvjub\",\"summary\":\"\",\"start_date\":\"2015-03-27\",\"finish_date\":\"2015-04-30\",\"value_required\":\"9000\",\"value_sourced\":\"9000\",\"created\":\"2015-03-27 12:51:17\",\"modified\":\"2015-04-30 14:54:22\",\"deleted\":false}]}',NULL,'1','2015-05-01 08:55:30'),
	('55433fc0-3f84-44b2-9e84-06efc0a8213a','READ','Project','10','{\"Project\":{\"id\":\"10\",\"owner_user_id\":\"2\",\"status_id\":\"4\",\"programme_id\":\"1\",\"cofinances_project_id\":null,\"title\":\"asdfasdf\",\"summary\":\"sadfasdfasdf\",\"start_date\":\"2015-03-27\",\"finish_date\":\"2015-04-17\",\"value_required\":\"23423423\",\"value_sourced\":\"36847\",\"created\":\"2015-03-27 11:04:28\",\"modified\":\"2015-04-30 14:29:00\",\"deleted\":false},\"Status\":{\"id\":\"4\",\"name\":\"Rejected\",\"short_name\":\"rejected\",\"sort_order\":\"2\"},\"Programme\":{\"id\":\"1\",\"name\":\"Africa\",\"sort_order\":\"1\"},\"OwnerUser\":{\"id\":\"2\",\"username\":\"test\",\"first_name\":\"Alice\",\"last_name\":\"LAST NAME\",\"name\":\"test\"},\"Projectnote\":[{\"id\":\"3\",\"project_id\":\"10\",\"user_id\":\"3\",\"content\":\"test\",\"deleted\":false,\"created\":\"2015-04-17 11:42:41\",\"User\":{\"id\":\"3\",\"username\":\"crista\",\"first_name\":\"Crista\",\"last_name\":\"LAST NAME\",\"name\":\"crista\"}},{\"id\":\"4\",\"project_id\":\"10\",\"user_id\":\"3\",\"content\":\"test\",\"deleted\":false,\"created\":\"2015-04-17 11:44:17\",\"User\":{\"id\":\"3\",\"username\":\"crista\",\"first_name\":\"Crista\",\"last_name\":\"LAST NAME\",\"name\":\"crista\"}},{\"id\":\"14\",\"project_id\":\"10\",\"user_id\":\"3\",\"content\":\"adfasfd\",\"deleted\":false,\"created\":\"2015-04-17 12:18:04\",\"User\":{\"id\":\"3\",\"username\":\"crista\",\"first_name\":\"Crista\",\"last_name\":\"LAST NAME\",\"name\":\"crista\"}},{\"id\":\"33\",\"project_id\":\"10\",\"user_id\":\"1\",\"content\":\"asdfsadf\",\"deleted\":false,\"created\":\"2015-04-30 12:19:11\",\"User\":{\"id\":\"1\",\"username\":\"admin\",\"first_name\":\"Bob\",\"last_name\":\"LAST NAME\",\"name\":\"admin\"}}],\"Contract\":[{\"id\":\"16\",\"project_id\":\"10\",\"donor_id\":\"1\",\"currency_id\":\"2\",\"deleted\":false,\"created\":\"2015-04-30 12:19:00\",\"modified\":\"2015-04-30 14:29:00\",\"Donor\":{\"id\":\"1\",\"name\":\"Donor Name #1\",\"created\":null},\"Currency\":{\"id\":\"2\",\"name\":\"US Dollars\",\"code\":\"USD\"},\"Payment\":[{\"id\":\"4\",\"project_id\":null,\"contract_id\":\"16\",\"date\":\"2015-04-03\",\"value_donor_currency\":\"234.00\",\"value_gbp\":\"34234.00\",\"received\":true,\"deleted\":false,\"created\":\"2015-04-30 12:19:00\",\"modified\":\"2015-04-30 14:29:00\"},{\"id\":\"5\",\"project_id\":null,\"contract_id\":\"16\",\"date\":\"2015-04-16\",\"value_donor_currency\":\"2344.00\",\"value_gbp\":\"234.00\",\"received\":false,\"deleted\":false,\"created\":\"2015-04-30 12:19:00\",\"modified\":\"2015-04-30 14:29:00\"}]},{\"id\":\"15\",\"project_id\":\"10\",\"donor_id\":\"1\",\"currency_id\":\"3\",\"deleted\":false,\"created\":\"2015-04-30 09:58:30\",\"modified\":\"2015-04-30 14:29:00\",\"Donor\":{\"id\":\"1\",\"name\":\"Donor Name #1\",\"created\":null},\"Currency\":{\"id\":\"3\",\"name\":\"Swiss Francs\",\"code\":\"CHF\"},\"Payment\":[{\"id\":\"3\",\"project_id\":null,\"contract_id\":\"15\",\"date\":\"2015-04-01\",\"value_donor_currency\":\"1.00\",\"value_gbp\":\"2.00\",\"received\":true,\"deleted\":false,\"created\":\"2015-04-30 10:09:00\",\"modified\":\"2015-04-30 14:29:00\"},{\"id\":\"2\",\"project_id\":null,\"contract_id\":\"15\",\"date\":\"2015-04-10\",\"value_donor_currency\":\"3.00\",\"value_gbp\":\"4.00\",\"received\":true,\"deleted\":false,\"created\":\"2015-04-30 09:58:30\",\"modified\":\"2015-04-30 14:29:00\"},{\"id\":\"6\",\"project_id\":null,\"contract_id\":\"15\",\"date\":\"2015-04-10\",\"value_donor_currency\":\"900.00\",\"value_gbp\":\"31.00\",\"received\":true,\"deleted\":false,\"created\":\"2015-04-30 12:19:00\",\"modified\":\"2015-04-30 14:29:00\"},{\"id\":\"7\",\"project_id\":null,\"contract_id\":\"15\",\"date\":\"2015-04-18\",\"value_donor_currency\":\"23432.00\",\"value_gbp\":\"2342.00\",\"received\":true,\"deleted\":false,\"created\":\"2015-04-30 12:19:00\",\"modified\":\"2015-04-30 14:29:00\"}]}],\"CofinancedByProject\":[{\"id\":\"12\",\"owner_user_id\":\"2\",\"status_id\":\"3\",\"programme_id\":\"2\",\"cofinances_project_id\":\"10\",\"title\":\"gvhvjub\",\"summary\":\"\",\"start_date\":\"2015-03-27\",\"finish_date\":\"2015-04-30\",\"value_required\":\"9000\",\"value_sourced\":\"9000\",\"created\":\"2015-03-27 12:51:17\",\"modified\":\"2015-04-30 14:54:22\",\"deleted\":false}]}',NULL,'1','2015-05-01 08:56:32'),
	('55434224-39ac-49da-a422-06a3c0a8213a','READ','Project','10','{\"Project\":{\"id\":\"10\",\"owner_user_id\":\"2\",\"status_id\":\"4\",\"programme_id\":\"1\",\"cofinances_project_id\":null,\"title\":\"asdfasdf\",\"summary\":\"sadfasdfasdf\",\"start_date\":\"2015-03-27\",\"finish_date\":\"2015-04-17\",\"value_required\":\"23423423\",\"value_sourced\":\"36847\",\"created\":\"2015-03-27 11:04:28\",\"modified\":\"2015-04-30 14:29:00\",\"deleted\":false},\"Status\":{\"id\":\"4\",\"name\":\"Rejected\",\"short_name\":\"rejected\",\"sort_order\":\"2\"},\"Programme\":{\"id\":\"1\",\"name\":\"Africa\",\"sort_order\":\"1\"},\"OwnerUser\":{\"id\":\"2\",\"username\":\"test\",\"first_name\":\"Alice\",\"last_name\":\"LAST NAME\",\"name\":\"test\"},\"Projectnote\":[{\"id\":\"3\",\"project_id\":\"10\",\"user_id\":\"3\",\"content\":\"test\",\"deleted\":false,\"created\":\"2015-04-17 11:42:41\",\"User\":{\"id\":\"3\",\"username\":\"crista\",\"first_name\":\"Crista\",\"last_name\":\"LAST NAME\",\"name\":\"crista\"}},{\"id\":\"4\",\"project_id\":\"10\",\"user_id\":\"3\",\"content\":\"test\",\"deleted\":false,\"created\":\"2015-04-17 11:44:17\",\"User\":{\"id\":\"3\",\"username\":\"crista\",\"first_name\":\"Crista\",\"last_name\":\"LAST NAME\",\"name\":\"crista\"}},{\"id\":\"14\",\"project_id\":\"10\",\"user_id\":\"3\",\"content\":\"adfasfd\",\"deleted\":false,\"created\":\"2015-04-17 12:18:04\",\"User\":{\"id\":\"3\",\"username\":\"crista\",\"first_name\":\"Crista\",\"last_name\":\"LAST NAME\",\"name\":\"crista\"}},{\"id\":\"33\",\"project_id\":\"10\",\"user_id\":\"1\",\"content\":\"asdfsadf\",\"deleted\":false,\"created\":\"2015-04-30 12:19:11\",\"User\":{\"id\":\"1\",\"username\":\"admin\",\"first_name\":\"Bob\",\"last_name\":\"LAST NAME\",\"name\":\"admin\"}}],\"Contract\":[{\"id\":\"16\",\"project_id\":\"10\",\"donor_id\":\"1\",\"currency_id\":\"2\",\"deleted\":false,\"created\":\"2015-04-30 12:19:00\",\"modified\":\"2015-04-30 14:29:00\",\"Donor\":{\"id\":\"1\",\"name\":\"Donor Name #1\",\"created\":null},\"Currency\":{\"id\":\"2\",\"name\":\"US Dollars\",\"code\":\"USD\"},\"Payment\":[{\"id\":\"4\",\"project_id\":null,\"contract_id\":\"16\",\"date\":\"2015-04-03\",\"value_donor_currency\":\"234.00\",\"value_gbp\":\"34234.00\",\"received\":true,\"deleted\":false,\"created\":\"2015-04-30 12:19:00\",\"modified\":\"2015-04-30 14:29:00\"},{\"id\":\"5\",\"project_id\":null,\"contract_id\":\"16\",\"date\":\"2015-04-16\",\"value_donor_currency\":\"2344.00\",\"value_gbp\":\"234.00\",\"received\":false,\"deleted\":false,\"created\":\"2015-04-30 12:19:00\",\"modified\":\"2015-04-30 14:29:00\"}]},{\"id\":\"15\",\"project_id\":\"10\",\"donor_id\":\"1\",\"currency_id\":\"3\",\"deleted\":false,\"created\":\"2015-04-30 09:58:30\",\"modified\":\"2015-04-30 14:29:00\",\"Donor\":{\"id\":\"1\",\"name\":\"Donor Name #1\",\"created\":null},\"Currency\":{\"id\":\"3\",\"name\":\"Swiss Francs\",\"code\":\"CHF\"},\"Payment\":[{\"id\":\"3\",\"project_id\":null,\"contract_id\":\"15\",\"date\":\"2015-04-01\",\"value_donor_currency\":\"1.00\",\"value_gbp\":\"2.00\",\"received\":true,\"deleted\":false,\"created\":\"2015-04-30 10:09:00\",\"modified\":\"2015-04-30 14:29:00\"},{\"id\":\"2\",\"project_id\":null,\"contract_id\":\"15\",\"date\":\"2015-04-10\",\"value_donor_currency\":\"3.00\",\"value_gbp\":\"4.00\",\"received\":true,\"deleted\":false,\"created\":\"2015-04-30 09:58:30\",\"modified\":\"2015-04-30 14:29:00\"},{\"id\":\"6\",\"project_id\":null,\"contract_id\":\"15\",\"date\":\"2015-04-10\",\"value_donor_currency\":\"900.00\",\"value_gbp\":\"31.00\",\"received\":true,\"deleted\":false,\"created\":\"2015-04-30 12:19:00\",\"modified\":\"2015-04-30 14:29:00\"},{\"id\":\"7\",\"project_id\":null,\"contract_id\":\"15\",\"date\":\"2015-04-18\",\"value_donor_currency\":\"23432.00\",\"value_gbp\":\"2342.00\",\"received\":true,\"deleted\":false,\"created\":\"2015-04-30 12:19:00\",\"modified\":\"2015-04-30 14:29:00\"}]}],\"CofinancedByProject\":[{\"id\":\"12\",\"owner_user_id\":\"2\",\"status_id\":\"3\",\"programme_id\":\"2\",\"cofinances_project_id\":\"10\",\"title\":\"gvhvjub\",\"summary\":\"\",\"start_date\":\"2015-03-27\",\"finish_date\":\"2015-04-30\",\"value_required\":\"9000\",\"value_sourced\":\"9000\",\"created\":\"2015-03-27 12:51:17\",\"modified\":\"2015-04-30 14:54:22\",\"deleted\":false}]}',NULL,'1','2015-05-01 09:06:44'),
	('554b6d54-7c9c-4b94-8547-12f6c0a8213a','CREATE','Project','16','{\"Project\":{\"id\":\"16\",\"owner_user_id\":null,\"status_id\":\"1\",\"likelihood_id\":null,\"programme_id\":null,\"cofinances_project_id\":null,\"title\":null,\"summary\":null,\"start_date\":null,\"finish_date\":null,\"value_required\":null,\"value_sourced\":\"36847\",\"created\":\"2015-05-07 13:49:08\",\"modified\":\"2015-05-07 13:49:08\",\"deleted\":false,\"Country\":\"\",\"TeamMember\":\"\",\"Theme\":\"\"}}',NULL,NULL,'2015-05-07 13:49:08'),
	('554b6d54-cd50-41c9-8091-12f6c0a8213a','READ','Project','10','{\"Project\":{\"id\":\"10\",\"owner_user_id\":\"2\",\"status_id\":\"4\",\"likelihood_id\":\"1\",\"programme_id\":\"1\",\"cofinances_project_id\":null,\"title\":\"asdfasdf\",\"summary\":\"sadfasdfasdf\",\"start_date\":\"2015-03-27\",\"finish_date\":\"2015-04-17\",\"value_required\":\"23423423\",\"value_sourced\":\"36847\",\"created\":\"2015-03-27 11:04:28\",\"modified\":\"2015-05-07 13:48:38\",\"deleted\":false},\"Status\":{\"id\":\"4\",\"name\":\"Rejected\",\"short_name\":\"rejected\",\"sort_order\":\"2\"},\"Programme\":{\"id\":\"1\",\"name\":\"Africa\",\"sort_order\":\"1\"},\"OwnerUser\":{\"id\":\"2\",\"username\":\"test\",\"first_name\":\"Alice\",\"last_name\":\"LAST NAME\",\"name\":\"test\"},\"Projectnote\":[{\"id\":\"3\",\"project_id\":\"10\",\"user_id\":\"3\",\"content\":\"test\",\"deleted\":false,\"created\":\"2015-04-17 11:42:41\",\"User\":{\"id\":\"3\",\"username\":\"crista\",\"first_name\":\"Crista\",\"last_name\":\"LAST NAME\",\"name\":\"crista\"}},{\"id\":\"4\",\"project_id\":\"10\",\"user_id\":\"3\",\"content\":\"test\",\"deleted\":false,\"created\":\"2015-04-17 11:44:17\",\"User\":{\"id\":\"3\",\"username\":\"crista\",\"first_name\":\"Crista\",\"last_name\":\"LAST NAME\",\"name\":\"crista\"}},{\"id\":\"14\",\"project_id\":\"10\",\"user_id\":\"3\",\"content\":\"adfasfd\",\"deleted\":false,\"created\":\"2015-04-17 12:18:04\",\"User\":{\"id\":\"3\",\"username\":\"crista\",\"first_name\":\"Crista\",\"last_name\":\"LAST NAME\",\"name\":\"crista\"}},{\"id\":\"33\",\"project_id\":\"10\",\"user_id\":\"1\",\"content\":\"asdfsadf\",\"deleted\":false,\"created\":\"2015-04-30 12:19:11\",\"User\":{\"id\":\"1\",\"username\":\"admin\",\"first_name\":\"Bob\",\"last_name\":\"LAST NAME\",\"name\":\"admin\"}}],\"Contract\":[],\"CofinancedByProject\":[{\"id\":\"12\",\"owner_user_id\":\"2\",\"status_id\":\"3\",\"likelihood_id\":\"2\",\"programme_id\":\"2\",\"cofinances_project_id\":\"10\",\"title\":\"gvhvjub\",\"summary\":\"\",\"start_date\":\"2015-03-27\",\"finish_date\":\"2015-04-30\",\"value_required\":\"9000\",\"value_sourced\":\"9000\",\"created\":\"2015-03-27 12:51:17\",\"modified\":\"2015-04-30 14:54:22\",\"deleted\":false}]}',NULL,NULL,'2015-05-07 13:49:08'),
	('554b6d6d-8b04-4a9c-9c28-13abc0a8213a','EDIT','Project','10','{\"Project\":{\"id\":\"10\",\"owner_user_id\":\"2\",\"status_id\":\"4\",\"likelihood_id\":\"1\",\"programme_id\":\"1\",\"cofinances_project_id\":null,\"title\":\"asdfasdf\",\"summary\":\"sadfasdfasdf\",\"start_date\":\"2015-03-27\",\"finish_date\":\"2015-04-17\",\"value_required\":\"234234\",\"value_sourced\":\"0\",\"created\":\"2015-03-27 11:04:28\",\"modified\":\"2015-05-07 13:49:33\",\"deleted\":false,\"Country\":\"\",\"TeamMember\":\"\",\"Theme\":\"2\"}}',NULL,NULL,'2015-05-07 13:49:33'),
	('554b6da3-a584-44a0-9d9e-1335c0a8213a','EDIT','Project','10','{\"Project\":{\"id\":\"10\",\"owner_user_id\":\"2\",\"status_id\":\"4\",\"likelihood_id\":\"1\",\"programme_id\":\"1\",\"cofinances_project_id\":null,\"title\":\"asdfasdf\",\"summary\":\"sadfasdfasdf\",\"start_date\":\"2015-03-27\",\"finish_date\":\"2015-04-17\",\"value_required\":\"234234\",\"value_sourced\":\"123\",\"created\":\"2015-03-27 11:04:28\",\"modified\":\"2015-05-07 13:50:27\",\"deleted\":false,\"Country\":\"16,24\",\"TeamMember\":\"\",\"Theme\":\"2\"}}',NULL,NULL,'2015-05-07 13:50:27'),
	('554b7133-2f00-4903-a655-12f6c0a8213a','EDIT','Project','10','{\"Project\":{\"id\":\"10\",\"owner_user_id\":\"2\",\"status_id\":\"4\",\"likelihood_id\":\"1\",\"programme_id\":\"1\",\"cofinances_project_id\":null,\"title\":\"asdfasdf\",\"summary\":\"sadfasdfasdf\",\"start_date\":\"2015-03-27\",\"finish_date\":\"2015-04-17\",\"value_required\":\"234234\",\"value_sourced\":\"738\",\"created\":\"2015-03-27 11:04:28\",\"modified\":\"2015-05-07 14:05:39\",\"deleted\":false,\"Country\":\"\",\"TeamMember\":\"\",\"Theme\":\"2\"}}',NULL,NULL,'2015-05-07 14:05:39'),
	('554b7299-1318-440d-b646-13abc0a8213a','READ','Project','10','{\"Project\":{\"id\":\"10\",\"owner_user_id\":\"2\",\"status_id\":\"4\",\"likelihood_id\":\"1\",\"programme_id\":\"1\",\"cofinances_project_id\":null,\"title\":\"asdfasdf\",\"summary\":\"sadfasdfasdf\",\"start_date\":\"2015-03-27\",\"finish_date\":\"2015-04-17\",\"value_required\":\"234234\",\"value_sourced\":\"123\",\"created\":\"2015-03-27 11:04:28\",\"modified\":\"2015-05-07 14:11:37\",\"deleted\":false},\"Status\":{\"id\":\"4\",\"name\":\"Rejected\",\"short_name\":\"rejected\",\"sort_order\":\"2\"},\"Programme\":{\"id\":\"1\",\"name\":\"Africa\",\"sort_order\":\"1\"},\"OwnerUser\":{\"id\":\"2\",\"username\":\"test\",\"first_name\":\"Alice\",\"last_name\":\"LAST NAME\",\"name\":\"test\"},\"Projectnote\":[{\"id\":\"3\",\"project_id\":\"10\",\"user_id\":\"3\",\"content\":\"test\",\"deleted\":false,\"created\":\"2015-04-17 11:42:41\",\"User\":{\"id\":\"3\",\"username\":\"crista\",\"first_name\":\"Crista\",\"last_name\":\"LAST NAME\",\"name\":\"crista\"}},{\"id\":\"4\",\"project_id\":\"10\",\"user_id\":\"3\",\"content\":\"test\",\"deleted\":false,\"created\":\"2015-04-17 11:44:17\",\"User\":{\"id\":\"3\",\"username\":\"crista\",\"first_name\":\"Crista\",\"last_name\":\"LAST NAME\",\"name\":\"crista\"}},{\"id\":\"14\",\"project_id\":\"10\",\"user_id\":\"3\",\"content\":\"adfasfd\",\"deleted\":false,\"created\":\"2015-04-17 12:18:04\",\"User\":{\"id\":\"3\",\"username\":\"crista\",\"first_name\":\"Crista\",\"last_name\":\"LAST NAME\",\"name\":\"crista\"}},{\"id\":\"33\",\"project_id\":\"10\",\"user_id\":\"1\",\"content\":\"asdfsadf\",\"deleted\":false,\"created\":\"2015-04-30 12:19:11\",\"User\":{\"id\":\"1\",\"username\":\"admin\",\"first_name\":\"Bob\",\"last_name\":\"LAST NAME\",\"name\":\"admin\"}}],\"Contract\":[{\"id\":\"23\",\"project_id\":\"10\",\"donor_id\":\"2\",\"currency_id\":\"1\",\"deleted\":false,\"created\":\"2015-05-07 13:59:58\",\"modified\":\"2015-05-07 14:11:37\",\"Donor\":{\"id\":\"2\",\"name\":\"Donor Name #2\",\"created\":null},\"Currency\":{\"id\":\"1\",\"name\":\"Pounds Sterling\",\"code\":\"GBP\"},\"Payment\":[{\"id\":\"13\",\"project_id\":null,\"contract_id\":\"23\",\"date\":\"2015-05-13\",\"value_donor_currency\":\"123.00\",\"value_gbp\":\"123.00\",\"received\":false,\"deleted\":false,\"created\":\"2015-05-07 13:59:58\",\"modified\":\"2015-05-07 14:11:37\"}]}],\"CofinancedByProject\":[{\"id\":\"12\",\"owner_user_id\":\"2\",\"status_id\":\"3\",\"likelihood_id\":\"2\",\"programme_id\":\"2\",\"cofinances_project_id\":\"10\",\"title\":\"gvhvjub\",\"summary\":\"\",\"start_date\":\"2015-03-27\",\"finish_date\":\"2015-04-30\",\"value_required\":\"9000\",\"value_sourced\":\"9000\",\"created\":\"2015-03-27 12:51:17\",\"modified\":\"2015-04-30 14:54:22\",\"deleted\":false}]}',NULL,NULL,'2015-05-07 14:11:37'),
	('554b7299-2dbc-4a41-af3b-13abc0a8213a','EDIT','Project','10','{\"Project\":{\"id\":\"10\",\"owner_user_id\":\"2\",\"status_id\":\"4\",\"likelihood_id\":\"1\",\"programme_id\":\"1\",\"cofinances_project_id\":null,\"title\":\"asdfasdf\",\"summary\":\"sadfasdfasdf\",\"start_date\":\"2015-03-27\",\"finish_date\":\"2015-04-17\",\"value_required\":\"234234\",\"value_sourced\":\"123\",\"created\":\"2015-03-27 11:04:28\",\"modified\":\"2015-05-07 14:11:37\",\"deleted\":false,\"Country\":\"\",\"TeamMember\":\"\",\"Theme\":\"2\"}}',NULL,NULL,'2015-05-07 14:11:37'),
	('554b730f-5aa4-4c9f-983e-13b2c0a8213a','DELETE','Project','16','{\"Project\":{\"id\":\"16\",\"owner_user_id\":null,\"status_id\":\"1\",\"likelihood_id\":null,\"programme_id\":null,\"cofinances_project_id\":null,\"title\":null,\"summary\":null,\"start_date\":null,\"finish_date\":null,\"value_required\":null,\"value_sourced\":\"36847\",\"created\":\"2015-05-07 13:49:08\",\"modified\":\"2015-05-07 13:49:08\",\"deleted\":false}}',NULL,NULL,'2015-05-07 14:13:35'),
	('554b7419-4bf0-4b2e-99d0-1370c0a8213a','EDIT','Project','10','{\"Project\":{\"id\":\"10\",\"owner_user_id\":\"2\",\"status_id\":\"4\",\"likelihood_id\":\"1\",\"programme_id\":\"1\",\"cofinances_project_id\":null,\"title\":\"asdfasdf\",\"summary\":\"sadfasdfasdf\",\"start_date\":\"2015-03-27\",\"finish_date\":\"2015-04-17\",\"value_required\":\"234234\",\"value_sourced\":\"702\",\"created\":\"2015-03-27 11:04:28\",\"modified\":\"2015-05-07 14:18:00\",\"deleted\":false,\"Country\":\"24,31\",\"TeamMember\":\"\",\"Theme\":\"2\"}}',NULL,NULL,'2015-05-07 14:18:01'),
	('554b7419-6dcc-49ad-b979-1370c0a8213a','READ','Project','10','{\"Project\":{\"id\":\"10\",\"owner_user_id\":\"2\",\"status_id\":\"4\",\"likelihood_id\":\"1\",\"programme_id\":\"1\",\"cofinances_project_id\":null,\"title\":\"asdfasdf\",\"summary\":\"sadfasdfasdf\",\"start_date\":\"2015-03-27\",\"finish_date\":\"2015-04-17\",\"value_required\":\"234234\",\"value_sourced\":\"702\",\"created\":\"2015-03-27 11:04:28\",\"modified\":\"2015-05-07 14:18:00\",\"deleted\":false},\"Status\":{\"id\":\"4\",\"name\":\"Rejected\",\"short_name\":\"rejected\",\"sort_order\":\"2\"},\"Programme\":{\"id\":\"1\",\"name\":\"Africa\",\"sort_order\":\"1\"},\"OwnerUser\":{\"id\":\"2\",\"username\":\"test\",\"first_name\":\"Alice\",\"last_name\":\"LAST NAME\",\"name\":\"test\"},\"Projectnote\":[{\"id\":\"3\",\"project_id\":\"10\",\"user_id\":\"3\",\"content\":\"test\",\"deleted\":false,\"created\":\"2015-04-17 11:42:41\",\"User\":{\"id\":\"3\",\"username\":\"crista\",\"first_name\":\"Crista\",\"last_name\":\"LAST NAME\",\"name\":\"crista\"}},{\"id\":\"4\",\"project_id\":\"10\",\"user_id\":\"3\",\"content\":\"test\",\"deleted\":false,\"created\":\"2015-04-17 11:44:17\",\"User\":{\"id\":\"3\",\"username\":\"crista\",\"first_name\":\"Crista\",\"last_name\":\"LAST NAME\",\"name\":\"crista\"}},{\"id\":\"14\",\"project_id\":\"10\",\"user_id\":\"3\",\"content\":\"adfasfd\",\"deleted\":false,\"created\":\"2015-04-17 12:18:04\",\"User\":{\"id\":\"3\",\"username\":\"crista\",\"first_name\":\"Crista\",\"last_name\":\"LAST NAME\",\"name\":\"crista\"}},{\"id\":\"33\",\"project_id\":\"10\",\"user_id\":\"1\",\"content\":\"asdfsadf\",\"deleted\":false,\"created\":\"2015-04-30 12:19:11\",\"User\":{\"id\":\"1\",\"username\":\"admin\",\"first_name\":\"Bob\",\"last_name\":\"LAST NAME\",\"name\":\"admin\"}}],\"Contract\":[{\"id\":\"24\",\"project_id\":\"10\",\"donor_id\":\"2\",\"currency_id\":\"2\",\"deleted\":false,\"created\":\"2015-05-07 14:18:01\",\"modified\":\"2015-05-07 14:18:01\",\"Donor\":{\"id\":\"2\",\"name\":\"Donor Name #2\",\"created\":null},\"Currency\":{\"id\":\"2\",\"name\":\"US Dollars\",\"code\":\"USD\"},\"Payment\":[{\"id\":\"14\",\"project_id\":null,\"contract_id\":\"24\",\"date\":\"2015-05-15\",\"value_donor_currency\":\"123.00\",\"value_gbp\":\"234.00\",\"received\":true,\"deleted\":false,\"created\":\"2015-05-07 14:18:01\",\"modified\":\"2015-05-07 14:18:01\"}]},{\"id\":\"23\",\"project_id\":\"10\",\"donor_id\":\"2\",\"currency_id\":\"1\",\"deleted\":false,\"created\":\"2015-05-07 13:59:58\",\"modified\":\"2015-05-07 14:18:01\",\"Donor\":{\"id\":\"2\",\"name\":\"Donor Name #2\",\"created\":null},\"Currency\":{\"id\":\"1\",\"name\":\"Pounds Sterling\",\"code\":\"GBP\"},\"Payment\":[{\"id\":\"13\",\"project_id\":null,\"contract_id\":\"23\",\"date\":\"2015-05-13\",\"value_donor_currency\":\"123.00\",\"value_gbp\":\"123.00\",\"received\":false,\"deleted\":false,\"created\":\"2015-05-07 13:59:58\",\"modified\":\"2015-05-07 14:18:01\"},{\"id\":\"15\",\"project_id\":null,\"contract_id\":\"23\",\"date\":\"2015-05-23\",\"value_donor_currency\":\"123.00\",\"value_gbp\":\"345.00\",\"received\":false,\"deleted\":false,\"created\":\"2015-05-07 14:18:01\",\"modified\":\"2015-05-07 14:18:01\"}]}],\"CofinancedByProject\":[{\"id\":\"12\",\"owner_user_id\":\"2\",\"status_id\":\"3\",\"likelihood_id\":\"2\",\"programme_id\":\"2\",\"cofinances_project_id\":\"10\",\"title\":\"gvhvjub\",\"summary\":\"\",\"start_date\":\"2015-03-27\",\"finish_date\":\"2015-04-30\",\"value_required\":\"9000\",\"value_sourced\":\"9000\",\"created\":\"2015-03-27 12:51:17\",\"modified\":\"2015-04-30 14:54:22\",\"deleted\":false}]}',NULL,NULL,'2015-05-07 14:18:01'),
	('554b7423-2728-4fba-a075-1370c0a8213a','READ','Project','13','{\"Project\":{\"id\":\"13\",\"owner_user_id\":\"1\",\"status_id\":\"6\",\"likelihood_id\":\"3\",\"programme_id\":\"1\",\"cofinances_project_id\":null,\"title\":\"afasdfasd\",\"summary\":\"sadfasfasf\",\"start_date\":\"2015-03-27\",\"finish_date\":null,\"value_required\":\"23123\",\"value_sourced\":null,\"created\":\"2015-03-27 15:37:35\",\"modified\":\"2015-03-27 15:37:54\",\"deleted\":false},\"Status\":{\"id\":\"6\",\"name\":\"Completed\",\"short_name\":\"completed\",\"sort_order\":\"4\"},\"Programme\":{\"id\":\"1\",\"name\":\"Africa\",\"sort_order\":\"1\"},\"OwnerUser\":{\"id\":\"1\",\"username\":\"admin\",\"first_name\":\"Bob\",\"last_name\":\"LAST NAME\",\"name\":\"admin\"},\"Projectnote\":[],\"Contract\":[],\"CofinancedByProject\":[]}',NULL,NULL,'2015-05-07 14:18:11'),
	('554b75e0-dcbc-43f6-bc16-13b2c0a8213a','EDIT','Project','15','{\"Project\":{\"id\":\"15\",\"owner_user_id\":\"2\",\"status_id\":\"1\",\"likelihood_id\":\"2\",\"programme_id\":\"1\",\"cofinances_project_id\":null,\"title\":\"asdfasdfdfsa\",\"summary\":\"\",\"start_date\":\"2015-05-07\",\"finish_date\":\"2015-05-22\",\"value_required\":\"1231344\",\"value_sourced\":\"46846\",\"created\":\"2015-03-27 16:14:57\",\"modified\":\"2015-05-07 14:25:36\",\"deleted\":false,\"Country\":\"\",\"TeamMember\":\"\",\"Theme\":\"\"}}',NULL,NULL,'2015-05-07 14:25:36'),
	('554b75e1-ee20-43d6-b970-13b2c0a8213a','READ','Project','15','{\"Project\":{\"id\":\"15\",\"owner_user_id\":\"2\",\"status_id\":\"1\",\"likelihood_id\":\"2\",\"programme_id\":\"1\",\"cofinances_project_id\":null,\"title\":\"asdfasdfdfsa\",\"summary\":\"\",\"start_date\":\"2015-05-07\",\"finish_date\":\"2015-05-22\",\"value_required\":\"1231344\",\"value_sourced\":\"46846\",\"created\":\"2015-03-27 16:14:57\",\"modified\":\"2015-05-07 14:25:36\",\"deleted\":false},\"Status\":{\"id\":\"1\",\"name\":\"Not yet submitted\",\"short_name\":\"not-submitted\",\"sort_order\":\"0\"},\"Programme\":{\"id\":\"1\",\"name\":\"Africa\",\"sort_order\":\"1\"},\"OwnerUser\":{\"id\":\"2\",\"username\":\"test\",\"first_name\":\"Alice\",\"last_name\":\"LAST NAME\",\"name\":\"test\"},\"Projectnote\":[],\"Contract\":[{\"id\":\"25\",\"project_id\":\"15\",\"donor_id\":\"2\",\"currency_id\":\"3\",\"deleted\":false,\"created\":\"2015-05-07 14:25:36\",\"modified\":\"2015-05-07 14:25:36\",\"Donor\":{\"id\":\"2\",\"name\":\"Donor Name #2\",\"created\":null},\"Currency\":{\"id\":\"3\",\"name\":\"Swiss Francs\",\"code\":\"CHF\"},\"Payment\":[{\"id\":\"16\",\"project_id\":null,\"contract_id\":\"25\",\"date\":\"2015-05-16\",\"value_donor_currency\":\"123.00\",\"value_gbp\":\"23423.00\",\"received\":true,\"deleted\":false,\"created\":\"2015-05-07 14:25:36\",\"modified\":\"2015-05-07 14:25:36\"},{\"id\":\"17\",\"project_id\":null,\"contract_id\":\"25\",\"date\":\"2015-05-16\",\"value_donor_currency\":\"234.00\",\"value_gbp\":\"23423.00\",\"received\":true,\"deleted\":false,\"created\":\"2015-05-07 14:25:36\",\"modified\":\"2015-05-07 14:25:36\"}]}],\"CofinancedByProject\":[]}',NULL,NULL,'2015-05-07 14:25:37'),
	('554b7632-7960-467e-a3d2-13e7c0a8213a','READ','Project','15','{\"Project\":{\"id\":\"15\",\"owner_user_id\":\"2\",\"status_id\":\"1\",\"likelihood_id\":\"2\",\"programme_id\":\"1\",\"cofinances_project_id\":null,\"title\":\"asdfasdfdfsa\",\"summary\":\"\",\"start_date\":\"2015-05-07\",\"finish_date\":\"2015-05-22\",\"value_required\":\"1231344\",\"value_sourced\":\"46846\",\"created\":\"2015-03-27 16:14:57\",\"modified\":\"2015-05-07 14:25:36\",\"deleted\":false},\"Status\":{\"id\":\"1\",\"name\":\"Not yet submitted\",\"short_name\":\"not-submitted\",\"sort_order\":\"0\"},\"Programme\":{\"id\":\"1\",\"name\":\"Africa\",\"sort_order\":\"1\"},\"OwnerUser\":{\"id\":\"2\",\"username\":\"test\",\"first_name\":\"Alice\",\"last_name\":\"LAST NAME\",\"name\":\"test\"},\"Projectnote\":[],\"Contract\":[{\"id\":\"25\",\"project_id\":\"15\",\"donor_id\":\"2\",\"currency_id\":\"3\",\"deleted\":false,\"created\":\"2015-05-07 14:25:36\",\"modified\":\"2015-05-07 14:25:36\",\"Donor\":{\"id\":\"2\",\"name\":\"Donor Name #2\",\"created\":null},\"Currency\":{\"id\":\"3\",\"name\":\"Swiss Francs\",\"code\":\"CHF\"},\"Payment\":[{\"id\":\"16\",\"project_id\":null,\"contract_id\":\"25\",\"date\":\"2015-05-16\",\"value_donor_currency\":\"123.00\",\"value_gbp\":\"23423.00\",\"received\":true,\"deleted\":false,\"created\":\"2015-05-07 14:25:36\",\"modified\":\"2015-05-07 14:25:36\"},{\"id\":\"17\",\"project_id\":null,\"contract_id\":\"25\",\"date\":\"2015-05-16\",\"value_donor_currency\":\"234.00\",\"value_gbp\":\"23423.00\",\"received\":true,\"deleted\":false,\"created\":\"2015-05-07 14:25:36\",\"modified\":\"2015-05-07 14:25:36\"}]}],\"CofinancedByProject\":[]}',NULL,NULL,'2015-05-07 14:26:58'),
	('554b7647-4938-480e-878a-1411c0a8213a','READ','Project','15','{\"Project\":{\"id\":\"15\",\"owner_user_id\":\"2\",\"status_id\":\"1\",\"likelihood_id\":\"2\",\"programme_id\":\"1\",\"cofinances_project_id\":null,\"title\":\"asdfasdfdfsa\",\"summary\":\"\",\"start_date\":\"2015-05-07\",\"finish_date\":\"2015-05-22\",\"value_required\":\"1231344\",\"value_sourced\":\"46846\",\"created\":\"2015-03-27 16:14:57\",\"modified\":\"2015-05-07 14:25:36\",\"deleted\":false},\"Status\":{\"id\":\"1\",\"name\":\"Not yet submitted\",\"short_name\":\"not-submitted\",\"sort_order\":\"0\"},\"Likelihood\":{\"id\":\"2\",\"name\":\"Confirmed\",\"short_name\":\"confirmed\",\"sort_order\":\"2\"},\"Programme\":{\"id\":\"1\",\"name\":\"Africa\",\"sort_order\":\"1\"},\"OwnerUser\":{\"id\":\"2\",\"username\":\"test\",\"first_name\":\"Alice\",\"last_name\":\"LAST NAME\",\"name\":\"test\"},\"Projectnote\":[],\"Contract\":[{\"id\":\"25\",\"project_id\":\"15\",\"donor_id\":\"2\",\"currency_id\":\"3\",\"deleted\":false,\"created\":\"2015-05-07 14:25:36\",\"modified\":\"2015-05-07 14:25:36\",\"Donor\":{\"id\":\"2\",\"name\":\"Donor Name #2\",\"created\":null},\"Currency\":{\"id\":\"3\",\"name\":\"Swiss Francs\",\"code\":\"CHF\"},\"Payment\":[{\"id\":\"16\",\"project_id\":null,\"contract_id\":\"25\",\"date\":\"2015-05-16\",\"value_donor_currency\":\"123.00\",\"value_gbp\":\"23423.00\",\"received\":true,\"deleted\":false,\"created\":\"2015-05-07 14:25:36\",\"modified\":\"2015-05-07 14:25:36\"},{\"id\":\"17\",\"project_id\":null,\"contract_id\":\"25\",\"date\":\"2015-05-16\",\"value_donor_currency\":\"234.00\",\"value_gbp\":\"23423.00\",\"received\":true,\"deleted\":false,\"created\":\"2015-05-07 14:25:36\",\"modified\":\"2015-05-07 14:25:36\"}]}],\"CofinancedByProject\":[]}',NULL,NULL,'2015-05-07 14:27:19'),
	('554b765b-b4dc-47bd-8879-13e7c0a8213a','READ','Project','15','{\"Project\":{\"id\":\"15\",\"owner_user_id\":\"2\",\"status_id\":\"1\",\"likelihood_id\":\"2\",\"programme_id\":\"1\",\"cofinances_project_id\":null,\"title\":\"asdfasdfdfsa\",\"summary\":\"\",\"start_date\":\"2015-05-07\",\"finish_date\":\"2015-05-22\",\"value_required\":\"1231344\",\"value_sourced\":\"46846\",\"created\":\"2015-03-27 16:14:57\",\"modified\":\"2015-05-07 14:25:36\",\"deleted\":false},\"Status\":{\"id\":\"1\",\"name\":\"Not yet submitted\",\"short_name\":\"not-submitted\",\"sort_order\":\"0\"},\"Likelihood\":{\"id\":\"2\",\"name\":\"Confirmed\",\"short_name\":\"confirmed\",\"sort_order\":\"2\"},\"Programme\":{\"id\":\"1\",\"name\":\"Africa\",\"sort_order\":\"1\"},\"OwnerUser\":{\"id\":\"2\",\"username\":\"test\",\"first_name\":\"Alice\",\"last_name\":\"LAST NAME\",\"name\":\"test\"},\"Projectnote\":[],\"Contract\":[{\"id\":\"25\",\"project_id\":\"15\",\"donor_id\":\"2\",\"currency_id\":\"3\",\"deleted\":false,\"created\":\"2015-05-07 14:25:36\",\"modified\":\"2015-05-07 14:25:36\",\"Donor\":{\"id\":\"2\",\"name\":\"Donor Name #2\",\"created\":null},\"Currency\":{\"id\":\"3\",\"name\":\"Swiss Francs\",\"code\":\"CHF\"},\"Payment\":[{\"id\":\"16\",\"project_id\":null,\"contract_id\":\"25\",\"date\":\"2015-05-16\",\"value_donor_currency\":\"123.00\",\"value_gbp\":\"23423.00\",\"received\":true,\"deleted\":false,\"created\":\"2015-05-07 14:25:36\",\"modified\":\"2015-05-07 14:25:36\"},{\"id\":\"17\",\"project_id\":null,\"contract_id\":\"25\",\"date\":\"2015-05-16\",\"value_donor_currency\":\"234.00\",\"value_gbp\":\"23423.00\",\"received\":true,\"deleted\":false,\"created\":\"2015-05-07 14:25:36\",\"modified\":\"2015-05-07 14:25:36\"}]}],\"CofinancedByProject\":[]}',NULL,NULL,'2015-05-07 14:27:39'),
	('554b98fe-000c-4658-ad54-1668c0a8213a','CREATE','Project','17','{\"Project\":{\"id\":\"17\",\"owner_user_id\":\"2\",\"status_id\":\"6\",\"likelihood_id\":\"5\",\"programme_id\":\"1\",\"cofinances_project_id\":null,\"title\":\"title\",\"summary\":\"afadsf\",\"start_date\":\"2015-05-07\",\"finish_date\":\"2015-05-07\",\"value_required\":\"234234\",\"value_sourced\":\"2134\",\"created\":\"2015-05-07 17:55:26\",\"modified\":\"2015-05-07 17:55:26\",\"deleted\":false,\"Country\":\"17,18,19,20\",\"TeamMember\":\"\",\"Theme\":\"\"}}',NULL,NULL,'2015-05-07 17:55:26'),
	('554b9942-4884-4cb5-84ab-162ec0a8213a','CREATE','Project','18','{\"Project\":{\"id\":\"18\",\"owner_user_id\":\"2\",\"status_id\":\"4\",\"likelihood_id\":\"1\",\"programme_id\":\"1\",\"cofinances_project_id\":null,\"title\":\"adsfasdf\",\"summary\":\"asdfasdf\",\"start_date\":\"2015-05-07\",\"finish_date\":\"2015-05-07\",\"value_required\":\"12276\",\"value_sourced\":\"123\",\"created\":\"2015-05-07 17:56:34\",\"modified\":\"2015-05-07 17:56:34\",\"deleted\":false,\"Country\":\"17,24\",\"TeamMember\":\"\",\"Theme\":\"\"}}',NULL,NULL,'2015-05-07 17:56:34'),
	('554b9942-5adc-4da1-acd4-162ec0a8213a','READ','Project','18','{\"Project\":{\"id\":\"18\",\"owner_user_id\":\"2\",\"status_id\":\"4\",\"likelihood_id\":\"1\",\"programme_id\":\"1\",\"cofinances_project_id\":null,\"title\":\"adsfasdf\",\"summary\":\"asdfasdf\",\"start_date\":\"2015-05-07\",\"finish_date\":\"2015-05-07\",\"value_required\":\"12276\",\"value_sourced\":\"123\",\"created\":\"2015-05-07 17:56:34\",\"modified\":\"2015-05-07 17:56:34\",\"deleted\":false},\"Status\":{\"id\":\"4\",\"name\":\"Rejected\",\"short_name\":\"rejected\",\"sort_order\":\"2\"},\"Likelihood\":{\"id\":\"1\",\"name\":\"Highly Likely\",\"short_name\":\"highly-likely\",\"sort_order\":\"3\"},\"Programme\":{\"id\":\"1\",\"name\":\"Africa\",\"sort_order\":\"1\"},\"OwnerUser\":{\"id\":\"2\",\"username\":\"test\",\"first_name\":\"Alice\",\"last_name\":\"LAST NAME\",\"name\":\"test\"},\"Projectnote\":[],\"Contract\":[{\"id\":\"27\",\"project_id\":\"18\",\"donor_id\":\"2\",\"currency_id\":\"1\",\"deleted\":false,\"created\":\"2015-05-07 17:56:34\",\"modified\":\"2015-05-07 17:56:34\",\"Donor\":{\"id\":\"2\",\"name\":\"Donor Name #2\",\"created\":null},\"Currency\":{\"id\":\"1\",\"name\":\"Pounds Sterling\",\"code\":\"GBP\"},\"Payment\":[{\"id\":\"19\",\"project_id\":null,\"contract_id\":\"27\",\"date\":\"2015-12-23\",\"value_donor_currency\":\"123123.00\",\"value_gbp\":\"123.00\",\"received\":true,\"deleted\":false,\"created\":\"2015-05-07 17:56:34\",\"modified\":\"2015-05-07 17:56:34\"}]}],\"CofinancedByProject\":[]}',NULL,NULL,'2015-05-07 17:56:34');

/*!40000 ALTER TABLE `audits` ENABLE KEYS */;
UNLOCK TABLES;


# Dump of table cake_sessions
# ------------------------------------------------------------

DROP TABLE IF EXISTS `cake_sessions`;

CREATE TABLE `cake_sessions` (
  `id` varchar(255) NOT NULL DEFAULT '',
  `data` text,
  `expires` int(11) DEFAULT NULL,
  PRIMARY KEY (`id`)
) ENGINE=InnoDB DEFAULT CHARSET=latin1;

LOCK TABLES `cake_sessions` WRITE;
/*!40000 ALTER TABLE `cake_sessions` DISABLE KEYS */;

INSERT INTO `cake_sessions` (`id`, `data`, `expires`)
VALUES
	('112oos0abcu222dcj1egu55n34','Config|a:3:{s:9:\"userAgent\";s:32:\"8e29edb46441cb3497c863773c0a1559\";s:4:\"time\";i:1429496118;s:9:\"countdown\";i:10;}Auth|a:1:{s:4:\"User\";a:8:{s:2:\"id\";s:1:\"1\";s:8:\"username\";s:5:\"admin\";s:4:\"role\";s:5:\"admin\";s:7:\"created\";s:19:\"2015-03-19 15:19:40\";s:8:\"modified\";s:19:\"2015-03-19 15:19:40\";s:10:\"first_name\";s:3:\"Bob\";s:9:\"last_name\";s:9:\"LAST NAME\";s:4:\"name\";s:5:\"admin\";}}Message|a:0:{}',1429496118),
	('4uiga2b422oor1ghnnpa35h9a7','Config|a:3:{s:9:\"userAgent\";s:32:\"d5c5d31a057f995a5edebf66fd6fa2e1\";s:4:\"time\";i:1429489463;s:9:\"countdown\";i:10;}Message|a:0:{}Auth|a:1:{s:4:\"User\";a:8:{s:2:\"id\";s:1:\"1\";s:8:\"username\";s:5:\"admin\";s:4:\"role\";s:5:\"admin\";s:7:\"created\";s:19:\"2015-03-19 15:19:40\";s:8:\"modified\";s:19:\"2015-03-19 15:19:40\";s:10:\"first name\";N;s:9:\"last name\";N;s:4:\"name\";s:5:\"admin\";}}',1429489463),
	('7lgivdifdb1otnpmq10cgvuah0','Config|a:3:{s:9:\"userAgent\";s:32:\"d354d25510dc7ef0d06e0d161ac88ab4\";s:4:\"time\";i:1427595712;s:9:\"countdown\";i:10;}Message|a:0:{}Auth|a:1:{s:8:\"redirect\";s:14:\"/example/start\";}',1427595712),
	('hnjslvmiqlv299mulh4gj7l3q1','Config|a:3:{s:9:\"userAgent\";s:32:\"d6e9a4b0881da3ff2407652178b333e6\";s:4:\"time\";i:1430711374;s:9:\"countdown\";i:10;}Auth|a:1:{s:4:\"User\";a:8:{s:2:\"id\";s:1:\"1\";s:8:\"username\";s:5:\"admin\";s:4:\"role\";s:5:\"admin\";s:7:\"created\";s:19:\"2015-03-19 15:19:40\";s:8:\"modified\";s:19:\"2015-03-19 15:19:40\";s:10:\"first_name\";s:3:\"Bob\";s:9:\"last_name\";s:9:\"LAST NAME\";s:4:\"name\";s:5:\"admin\";}}Message|a:0:{}',1430711375),
	('itdhc11bj18geutk1n2mmds7c6','Config|a:3:{s:9:\"userAgent\";s:32:\"d5c5d31a057f995a5edebf66fd6fa2e1\";s:4:\"time\";i:1429502782;s:9:\"countdown\";i:10;}Auth|a:1:{s:4:\"User\";a:8:{s:2:\"id\";s:1:\"1\";s:8:\"username\";s:5:\"admin\";s:4:\"role\";s:5:\"admin\";s:7:\"created\";s:19:\"2015-03-19 15:19:40\";s:8:\"modified\";s:19:\"2015-03-19 15:19:40\";s:10:\"first_name\";s:3:\"Bob\";s:9:\"last_name\";N;s:4:\"name\";s:5:\"admin\";}}',1429502782),
	('jvormrckg73mt3t3lfn8q7f0p4','Config|a:3:{s:9:\"userAgent\";s:32:\"02c9333c2bdf2ffb2de33ed0cf627988\";s:4:\"time\";i:1427690266;s:9:\"countdown\";i:10;}Message|a:0:{}Auth|a:1:{s:4:\"User\";a:7:{s:2:\"id\";s:1:\"1\";s:8:\"username\";s:5:\"admin\";s:4:\"role\";s:5:\"admin\";s:7:\"created\";s:19:\"2015-03-19 15:19:40\";s:8:\"modified\";s:19:\"2015-03-19 15:19:40\";s:10:\"first name\";N;s:9:\"last name\";N;}}',1427690266),
	('mshvk2qu211j0men74d5pl4nb4','Config|a:3:{s:9:\"userAgent\";s:32:\"18b4bc38c23e117f1b7cc1a6c731694e\";s:4:\"time\";i:1431233794;s:9:\"countdown\";i:10;}Message|a:0:{}',1431233795),
	('t8r63touq9a2v9cnj64pj1i5t7','Config|a:3:{s:9:\"userAgent\";s:32:\"d5c5d31a057f995a5edebf66fd6fa2e1\";s:4:\"time\";i:1429489661;s:9:\"countdown\";i:10;}Auth|a:1:{s:4:\"User\";a:8:{s:2:\"id\";s:1:\"1\";s:8:\"username\";s:5:\"admin\";s:4:\"role\";s:5:\"admin\";s:7:\"created\";s:19:\"2015-03-19 15:19:40\";s:8:\"modified\";s:19:\"2015-03-19 15:19:40\";s:10:\"first_name\";s:3:\"Bob\";s:9:\"last_name\";N;s:4:\"name\";s:5:\"admin\";}}',1429489661),
	('u0mjcaf3c15u67p2s3ko5tnc20','Config|a:3:{s:9:\"userAgent\";s:32:\"02c9333c2bdf2ffb2de33ed0cf627988\";s:4:\"time\";i:1427086448;s:9:\"countdown\";i:10;}Message|a:0:{}Auth|a:1:{s:4:\"User\";a:5:{s:2:\"id\";s:1:\"1\";s:8:\"username\";s:5:\"admin\";s:4:\"role\";s:5:\"admin\";s:7:\"created\";s:19:\"2015-03-19 15:19:40\";s:8:\"modified\";s:19:\"2015-03-19 15:19:40\";}}',1427086448),
	('u1vm9u2opvciqdho6g31urr1r3','Config|a:3:{s:9:\"userAgent\";s:32:\"d354d25510dc7ef0d06e0d161ac88ab4\";s:4:\"time\";i:1427595751;s:9:\"countdown\";i:10;}Message|a:0:{}Auth|a:1:{s:8:\"redirect\";s:14:\"/example/start\";}',1427595751),
	('u9vj7shbpnse5ovp0lisen8qs4','Config|a:3:{s:9:\"userAgent\";s:32:\"d5c5d31a057f995a5edebf66fd6fa2e1\";s:4:\"time\";i:1429409962;s:9:\"countdown\";i:10;}Message|a:0:{}Auth|a:1:{s:4:\"User\";a:8:{s:2:\"id\";s:1:\"1\";s:8:\"username\";s:5:\"admin\";s:4:\"role\";s:5:\"admin\";s:7:\"created\";s:19:\"2015-03-19 15:19:40\";s:8:\"modified\";s:19:\"2015-03-19 15:19:40\";s:10:\"first name\";N;s:9:\"last name\";N;s:4:\"name\";s:5:\"admin\";}}',1429409962),
	('uekapo2nu4v39hkqqjtdsuibq4','Config|a:3:{s:9:\"userAgent\";s:32:\"fdc7c198e4887183eccdf155c28bc2c5\";s:4:\"time\";i:1429493753;s:9:\"countdown\";i:10;}Auth|a:1:{s:4:\"User\";a:8:{s:2:\"id\";s:1:\"1\";s:8:\"username\";s:5:\"admin\";s:4:\"role\";s:5:\"admin\";s:7:\"created\";s:19:\"2015-03-19 15:19:40\";s:8:\"modified\";s:19:\"2015-03-19 15:19:40\";s:10:\"first_name\";s:3:\"Bob\";s:9:\"last_name\";s:9:\"LAST NAME\";s:4:\"name\";s:5:\"admin\";}}',1429493753);

/*!40000 ALTER TABLE `cake_sessions` ENABLE KEYS */;
UNLOCK TABLES;


# Dump of table contracts
# ------------------------------------------------------------

DROP TABLE IF EXISTS `contracts`;

CREATE TABLE `contracts` (
  `id` int(11) unsigned NOT NULL AUTO_INCREMENT,
  `project_id` int(11) DEFAULT NULL,
  `donor_id` int(11) DEFAULT NULL,
  `currency_id` int(11) DEFAULT NULL,
  `deleted` tinyint(1) DEFAULT '0',
  `created` datetime DEFAULT NULL,
  `modified` datetime DEFAULT NULL,
  PRIMARY KEY (`id`)
) ENGINE=InnoDB DEFAULT CHARSET=latin1;

LOCK TABLES `contracts` WRITE;
/*!40000 ALTER TABLE `contracts` DISABLE KEYS */;

INSERT INTO `contracts` (`id`, `project_id`, `donor_id`, `currency_id`, `deleted`, `created`, `modified`)
VALUES
	(14,10,1,NULL,1,'2015-04-30 09:47:51','2015-04-30 10:00:39'),
	(17,12,1,1,0,'2015-04-30 14:41:58','2015-04-30 14:54:22'),
	(18,10,2,1,1,'2015-05-07 13:50:27','2015-05-07 14:07:22'),
	(19,10,2,1,1,'2015-05-07 13:50:55','2015-05-07 14:07:22'),
	(20,10,2,1,1,'2015-05-07 13:51:53','2015-05-07 14:07:22'),
	(21,10,2,1,1,'2015-05-07 13:55:56','2015-05-07 14:07:22'),
	(22,10,2,1,1,'2015-05-07 13:57:29','2015-05-07 14:07:22'),
	(23,10,2,1,0,'2015-05-07 13:59:58','2015-05-07 14:18:01'),
	(24,10,2,2,0,'2015-05-07 14:18:01','2015-05-07 14:18:01'),
	(25,15,2,3,0,'2015-05-07 14:25:36','2015-05-07 14:25:36'),
	(26,17,2,2,0,'2015-05-07 17:55:26','2015-05-07 17:55:26'),
	(27,18,2,1,0,'2015-05-07 17:56:34','2015-05-07 17:56:34');

/*!40000 ALTER TABLE `contracts` ENABLE KEYS */;
UNLOCK TABLES;


# Dump of table countries
# ------------------------------------------------------------

DROP TABLE IF EXISTS `countries`;

CREATE TABLE `countries` (
  `id` int(5) NOT NULL AUTO_INCREMENT,
  `code` char(2) CHARACTER SET utf8 NOT NULL DEFAULT '',
  `name` varchar(45) CHARACTER SET utf8 NOT NULL DEFAULT '',
  `active` tinyint(1) DEFAULT '0',
  `sort_order` int(11) DEFAULT '-1',
  PRIMARY KEY (`id`)
) ENGINE=MyISAM DEFAULT CHARSET=utf32;

LOCK TABLES `countries` WRITE;
/*!40000 ALTER TABLE `countries` DISABLE KEYS */;

INSERT INTO `countries` (`id`, `code`, `name`, `active`, `sort_order`)
VALUES
	(1,'','Abkhazia',1,-1),
	(2,'','Armenia',1,-1),
	(3,'','Azerbaijan',1,-1),
	(4,'','Bangladesh',1,-1),
	(5,'','Burundi',1,-1),
	(6,'','Colombia',1,-1),
	(7,'','DRC',1,-1),
	(8,'','Egypt',1,-1),
	(9,'','Ethiopia',1,-1),
	(10,'','Georgia',1,-1),
	(11,'','Honduras',1,-1),
	(12,'','India',1,-1),
	(13,'','Jordan',1,-1),
	(14,'','Kenya',1,-1),
	(15,'','Kyrgyzstan',1,-1),
	(16,'','Lebanon',1,-1),
	(17,'','Liberia',1,-1),
	(18,'','Libya',1,-1),
	(19,'','Mali',1,-1),
	(20,'','Myanmar',1,-1),
	(21,'','Nagorno-Karabakh',1,-1),
	(22,'','Nepal',1,-1),
	(23,'','Nigeria',1,-1),
	(24,'','North Caucasus',1,-1),
	(25,'','Pakistan',1,-1),
	(26,'','Peru',1,-1),
	(27,'','Philippines',1,-1),
	(28,'','Republic of Congo',1,-1),
	(29,'','Russia',1,-1),
	(30,'','Rwanda',1,-1),
	(31,'','Sierra Leone',1,-1),
	(32,'','Somalia',1,-1),
	(33,'','South Africa',1,-1),
	(34,'','South Ossetia',1,-1),
	(35,'','South Sudan',1,-1),
	(36,'','Sri Lanka',1,-1),
	(37,'','Sudan',1,-1),
	(38,'','Switzerland',1,-1),
	(39,'','Syria',1,-1),
	(40,'','Tajikistan',1,-1),
	(41,'','Timor-Leste',1,-1),
	(42,'','Tunisia',1,-1),
	(43,'','Turkey',1,-1),
	(44,'','Uganda',1,-1),
	(45,'','UK',1,-1),
	(46,'','Ukraine',1,-1),
	(47,'','Cote D\'Ivoire',1,-1),
	(48,'','Bolivia',1,-1),
	(49,'','Global',1,999);

/*!40000 ALTER TABLE `countries` ENABLE KEYS */;
UNLOCK TABLES;


# Dump of table countries_projects
# ------------------------------------------------------------

DROP TABLE IF EXISTS `countries_projects`;

CREATE TABLE `countries_projects` (
  `id` int(11) unsigned NOT NULL AUTO_INCREMENT,
  `project_id` int(11) DEFAULT NULL,
  `country_id` int(11) DEFAULT NULL,
  PRIMARY KEY (`id`)
) ENGINE=InnoDB DEFAULT CHARSET=latin1;

LOCK TABLES `countries_projects` WRITE;
/*!40000 ALTER TABLE `countries_projects` DISABLE KEYS */;

INSERT INTO `countries_projects` (`id`, `project_id`, `country_id`)
VALUES
	(4,13,5),
	(5,13,10),
	(6,13,13),
	(9,10,24),
	(10,10,31),
	(11,17,17),
	(12,17,18),
	(13,17,19),
	(14,17,20),
	(15,18,17),
	(16,18,24);

/*!40000 ALTER TABLE `countries_projects` ENABLE KEYS */;
UNLOCK TABLES;


# Dump of table countries_proposals
# ------------------------------------------------------------

DROP TABLE IF EXISTS `countries_proposals`;

CREATE TABLE `countries_proposals` (
  `id` int(11) unsigned NOT NULL AUTO_INCREMENT,
  `country_id` int(11) DEFAULT NULL,
  `proposal_id` int(11) DEFAULT NULL,
  PRIMARY KEY (`id`)
) ENGINE=InnoDB DEFAULT CHARSET=latin1;

LOCK TABLES `countries_proposals` WRITE;
/*!40000 ALTER TABLE `countries_proposals` DISABLE KEYS */;

INSERT INTO `countries_proposals` (`id`, `country_id`, `proposal_id`)
VALUES
	(1,1,1),
	(2,1,2),
	(3,1,3),
	(4,1,4),
	(5,1,5),
	(6,1,6),
	(7,1,7),
	(8,1,8),
	(9,1,9),
	(10,1,10),
	(11,1,11),
	(12,1,12),
	(13,1,13),
	(14,1,14),
	(15,1,15),
	(16,1,16),
	(17,1,17);

/*!40000 ALTER TABLE `countries_proposals` ENABLE KEYS */;
UNLOCK TABLES;


# Dump of table currencies
# ------------------------------------------------------------

DROP TABLE IF EXISTS `currencies`;

CREATE TABLE `currencies` (
  `id` int(11) unsigned NOT NULL AUTO_INCREMENT,
  `name` varchar(32) DEFAULT NULL,
  `code` varchar(8) DEFAULT NULL,
  PRIMARY KEY (`id`)
) ENGINE=InnoDB DEFAULT CHARSET=latin1;

LOCK TABLES `currencies` WRITE;
/*!40000 ALTER TABLE `currencies` DISABLE KEYS */;

INSERT INTO `currencies` (`id`, `name`, `code`)
VALUES
	(1,'Pounds Sterling','GBP'),
	(2,'US Dollars','USD'),
	(3,'Swiss Francs','CHF'),
	(4,'EURO','EUR');

/*!40000 ALTER TABLE `currencies` ENABLE KEYS */;
UNLOCK TABLES;


# Dump of table donations
# ------------------------------------------------------------

DROP TABLE IF EXISTS `donations`;

CREATE TABLE `donations` (
  `id` int(11) unsigned NOT NULL AUTO_INCREMENT,
  `donor_name` int(11) DEFAULT NULL,
  `amount` int(11) DEFAULT NULL,
  `start` datetime DEFAULT NULL,
  `finish` datetime DEFAULT NULL,
  PRIMARY KEY (`id`)
) ENGINE=InnoDB DEFAULT CHARSET=latin1;



# Dump of table donors
# ------------------------------------------------------------

DROP TABLE IF EXISTS `donors`;

CREATE TABLE `donors` (
  `id` int(11) unsigned NOT NULL AUTO_INCREMENT,
  `name` text,
  `created` datetime DEFAULT NULL,
  PRIMARY KEY (`id`)
) ENGINE=InnoDB DEFAULT CHARSET=latin1;

LOCK TABLES `donors` WRITE;
/*!40000 ALTER TABLE `donors` DISABLE KEYS */;

INSERT INTO `donors` (`id`, `name`, `created`)
VALUES
	(1,'Donor Name #1',NULL),
	(2,'Donor Name #2',NULL),
	(3,'Donor Name #3',NULL);

/*!40000 ALTER TABLE `donors` ENABLE KEYS */;
UNLOCK TABLES;


# Dump of table likelihoods
# ------------------------------------------------------------

DROP TABLE IF EXISTS `likelihoods`;

CREATE TABLE `likelihoods` (
  `id` int(11) unsigned NOT NULL AUTO_INCREMENT,
  `name` varchar(255) DEFAULT NULL,
  `short_name` varchar(32) DEFAULT NULL,
  `sort_order` int(11) DEFAULT '0',
  PRIMARY KEY (`id`)
) ENGINE=InnoDB DEFAULT CHARSET=latin1;

LOCK TABLES `likelihoods` WRITE;
/*!40000 ALTER TABLE `likelihoods` DISABLE KEYS */;

INSERT INTO `likelihoods` (`id`, `name`, `short_name`, `sort_order`)
VALUES
	(1,'Highly Likely','highly-likely',3),
	(2,'Confirmed','confirmed',4),
	(4,'Low','low',1),
	(5,'Medium','medium',2);

/*!40000 ALTER TABLE `likelihoods` ENABLE KEYS */;
UNLOCK TABLES;


# Dump of table payments
# ------------------------------------------------------------

DROP TABLE IF EXISTS `payments`;

CREATE TABLE `payments` (
  `id` int(11) unsigned NOT NULL AUTO_INCREMENT,
  `project_id` int(11) DEFAULT NULL,
  `contract_id` int(11) DEFAULT NULL,
  `date` date DEFAULT NULL,
  `value_donor_currency` float(11,2) DEFAULT NULL,
  `value_gbp` float(11,2) DEFAULT NULL,
  `received` tinyint(1) DEFAULT '0',
  `deleted` tinyint(1) DEFAULT '0',
  `created` datetime DEFAULT NULL,
  `modified` datetime DEFAULT NULL,
  PRIMARY KEY (`id`)
) ENGINE=InnoDB DEFAULT CHARSET=latin1;

LOCK TABLES `payments` WRITE;
/*!40000 ALTER TABLE `payments` DISABLE KEYS */;

INSERT INTO `payments` (`id`, `project_id`, `contract_id`, `date`, `value_donor_currency`, `value_gbp`, `received`, `deleted`, `created`, `modified`)
VALUES
	(8,NULL,18,'2015-05-13',123.00,123.00,0,1,'2015-05-07 13:50:27','2015-05-07 14:07:22'),
	(9,NULL,19,'2015-05-13',123.00,123.00,0,1,'2015-05-07 13:50:55','2015-05-07 14:07:22'),
	(10,NULL,20,'2015-05-13',123.00,123.00,0,1,'2015-05-07 13:51:53','2015-05-07 14:07:22'),
	(11,NULL,21,'2015-05-13',123.00,123.00,0,1,'2015-05-07 13:55:56','2015-05-07 14:07:22'),
	(12,NULL,22,'2015-05-13',123.00,123.00,0,1,'2015-05-07 13:57:29','2015-05-07 14:07:22'),
	(13,NULL,23,'2015-05-13',123.00,123.00,0,0,'2015-05-07 13:59:58','2015-05-07 14:18:01'),
	(14,NULL,24,'2015-05-15',123.00,234.00,1,0,'2015-05-07 14:18:01','2015-05-07 14:18:01'),
	(15,NULL,23,'2015-05-23',123.00,345.00,0,0,'2015-05-07 14:18:01','2015-05-07 14:18:01'),
	(16,NULL,25,'2014-05-16',123.00,23423.00,1,0,'2015-05-07 14:25:36','2015-05-07 14:25:36'),
	(17,NULL,25,'2015-05-16',234.00,23423.00,1,0,'2015-05-07 14:25:36','2015-05-07 14:25:36'),
	(18,NULL,26,'2015-05-23',123.00,2134.00,1,0,'2015-05-07 17:55:26','2015-05-07 17:55:26'),
	(19,NULL,27,'2015-12-23',123123.00,123.00,1,0,'2015-05-07 17:56:34','2015-05-07 17:56:34');

/*!40000 ALTER TABLE `payments` ENABLE KEYS */;
UNLOCK TABLES;


# Dump of table programmebudgets
# ------------------------------------------------------------

DROP TABLE IF EXISTS `programmebudgets`;

CREATE TABLE `programmebudgets` (
  `id` int(11) unsigned NOT NULL AUTO_INCREMENT,
  `programme_id` int(11) DEFAULT NULL,
  `year` int(11) DEFAULT NULL,
  `value_gbp` int(11) DEFAULT NULL,
  PRIMARY KEY (`id`)
) ENGINE=InnoDB DEFAULT CHARSET=latin1;

LOCK TABLES `programmebudgets` WRITE;
/*!40000 ALTER TABLE `programmebudgets` DISABLE KEYS */;

INSERT INTO `programmebudgets` (`id`, `programme_id`, `year`, `value_gbp`)
VALUES
	(1,1,2015,50000),
	(2,2,2015,50000),
	(3,3,2015,50000),
	(4,4,2015,50000),
	(5,5,2015,50000),
	(6,6,2015,50000),
	(7,7,2015,50000);

/*!40000 ALTER TABLE `programmebudgets` ENABLE KEYS */;
UNLOCK TABLES;


# Dump of table programmes
# ------------------------------------------------------------

DROP TABLE IF EXISTS `programmes`;

CREATE TABLE `programmes` (
  `id` int(11) unsigned NOT NULL AUTO_INCREMENT,
  `name` varchar(255) DEFAULT NULL,
  `sort_order` int(11) DEFAULT '0',
  PRIMARY KEY (`id`)
) ENGINE=InnoDB DEFAULT CHARSET=latin1;

LOCK TABLES `programmes` WRITE;
/*!40000 ALTER TABLE `programmes` DISABLE KEYS */;

INSERT INTO `programmes` (`id`, `name`, `sort_order`)
VALUES
	(1,'Africa',1),
	(2,'Eurasia',2),
	(3,'Europe',3),
	(4,'Latin America',4),
	(5,'MENA',5),
	(6,'South and South East Asia',6),
	(7,'Global',7);

/*!40000 ALTER TABLE `programmes` ENABLE KEYS */;
UNLOCK TABLES;


# Dump of table projectnotes
# ------------------------------------------------------------

DROP TABLE IF EXISTS `projectnotes`;

CREATE TABLE `projectnotes` (
  `id` int(11) unsigned NOT NULL AUTO_INCREMENT,
  `project_id` int(11) DEFAULT NULL,
  `user_id` int(11) DEFAULT NULL,
  `content` text,
  `deleted` tinyint(1) DEFAULT '0',
  `created` datetime DEFAULT NULL,
  PRIMARY KEY (`id`)
) ENGINE=InnoDB DEFAULT CHARSET=latin1;

LOCK TABLES `projectnotes` WRITE;
/*!40000 ALTER TABLE `projectnotes` DISABLE KEYS */;

INSERT INTO `projectnotes` (`id`, `project_id`, `user_id`, `content`, `deleted`, `created`)
VALUES
	(1,NULL,NULL,NULL,0,'2015-04-17 11:41:30'),
	(2,NULL,NULL,NULL,0,'2015-04-17 11:41:39'),
	(3,10,3,'test',0,'2015-04-17 11:42:41'),
	(4,10,3,'test',0,'2015-04-17 11:44:17'),
	(14,10,3,'adfasfd',0,'2015-04-17 12:18:04'),
	(27,10,1,'asdfasdf',1,'2015-04-17 13:03:29'),
	(28,10,1,'asdfasdf',1,'2015-04-17 13:15:04'),
	(29,10,1,'asdfasfd',1,'2015-04-17 13:15:36'),
	(30,10,1,'sdfsaf',1,'2015-04-17 14:21:41'),
	(31,10,1,'asdfafds\n',1,'2015-04-17 15:19:24'),
	(32,10,1,'sdfasdf',1,'2015-04-17 15:23:42'),
	(33,10,1,'asdfsadf',0,'2015-04-30 12:19:11'),
	(34,12,1,'sdfsadf',0,'2015-04-30 14:56:53');

/*!40000 ALTER TABLE `projectnotes` ENABLE KEYS */;
UNLOCK TABLES;


# Dump of table projects
# ------------------------------------------------------------

DROP TABLE IF EXISTS `projects`;

CREATE TABLE `projects` (
  `id` int(11) unsigned NOT NULL AUTO_INCREMENT,
  `owner_user_id` int(11) DEFAULT NULL,
  `status_id` int(11) DEFAULT '1',
  `likelihood_id` int(11) DEFAULT NULL,
  `programme_id` int(11) DEFAULT NULL,
  `cofinances_project_id` int(11) DEFAULT NULL,
  `title` text,
  `summary` text,
  `start_date` date DEFAULT NULL,
  `finish_date` date DEFAULT NULL,
  `value_required` int(11) DEFAULT NULL,
  `value_sourced` int(11) DEFAULT NULL,
  `created` datetime DEFAULT NULL,
  `modified` datetime DEFAULT NULL,
  `deleted` tinyint(1) DEFAULT '0',
  PRIMARY KEY (`id`)
) ENGINE=InnoDB DEFAULT CHARSET=latin1;

LOCK TABLES `projects` WRITE;
/*!40000 ALTER TABLE `projects` DISABLE KEYS */;

INSERT INTO `projects` (`id`, `owner_user_id`, `status_id`, `likelihood_id`, `programme_id`, `cofinances_project_id`, `title`, `summary`, `start_date`, `finish_date`, `value_required`, `value_sourced`, `created`, `modified`, `deleted`)
VALUES
	(10,2,4,1,1,NULL,'asdfasdf','sadfasdfasdf','2015-03-27','2015-04-17',234234,702,'2015-03-27 11:04:28','2015-05-07 14:18:00',0),
	(12,2,3,2,2,10,'gvhvjub','','2015-03-27','2015-04-30',9000,9000,'2015-03-27 12:51:17','2015-04-30 14:54:22',0),
	(13,1,6,3,1,NULL,'afasdfasd','sadfasfasf','2015-03-27',NULL,23123,NULL,'2015-03-27 15:37:35','2015-03-27 15:37:54',0),
	(14,1,1,1,3,NULL,'aasdfasfda','','2015-03-27',NULL,NULL,NULL,'2015-03-27 15:40:23','2015-03-27 15:40:40',0),
	(15,2,1,2,1,NULL,'asdfasdfdfsa','','2015-05-07','2015-05-22',1231344,46846,'2015-03-27 16:14:57','2015-05-07 14:25:36',0),
	(17,2,6,5,1,NULL,'title','afadsf','2015-05-07','2015-05-07',234234,2134,'2015-05-07 17:55:26','2015-05-07 17:55:26',0),
	(18,2,4,1,1,NULL,'adsfasdf','asdfasdf','2015-05-07','2015-05-07',12276,123,'2015-05-07 17:56:34','2015-05-07 17:56:34',0);

/*!40000 ALTER TABLE `projects` ENABLE KEYS */;
UNLOCK TABLES;


# Dump of table projects_themes
# ------------------------------------------------------------

DROP TABLE IF EXISTS `projects_themes`;

CREATE TABLE `projects_themes` (
  `id` int(11) unsigned NOT NULL AUTO_INCREMENT,
  `project_id` int(11) DEFAULT NULL,
  `theme_id` int(11) DEFAULT NULL,
  PRIMARY KEY (`id`)
) ENGINE=InnoDB DEFAULT CHARSET=latin1;

LOCK TABLES `projects_themes` WRITE;
/*!40000 ALTER TABLE `projects_themes` DISABLE KEYS */;

INSERT INTO `projects_themes` (`id`, `project_id`, `theme_id`)
VALUES
	(1,10,2),
	(2,12,2);

/*!40000 ALTER TABLE `projects_themes` ENABLE KEYS */;
UNLOCK TABLES;


# Dump of table projects_users
# ------------------------------------------------------------

DROP TABLE IF EXISTS `projects_users`;

CREATE TABLE `projects_users` (
  `id` int(11) unsigned NOT NULL AUTO_INCREMENT,
  `project_id` int(11) DEFAULT NULL,
  `user_id` int(11) DEFAULT NULL,
  PRIMARY KEY (`id`)
) ENGINE=InnoDB DEFAULT CHARSET=latin1;



# Dump of table proposals
# ------------------------------------------------------------

DROP TABLE IF EXISTS `proposals`;

CREATE TABLE `proposals` (
  `id` int(11) unsigned NOT NULL AUTO_INCREMENT,
  `programme_id` int(11) DEFAULT NULL,
  `owner_user_id` int(11) DEFAULT NULL,
  `project_id` int(11) DEFAULT NULL,
  `title` varchar(512) DEFAULT NULL,
  `summary` text,
  `due_date` date DEFAULT NULL,
  `donor` text,
  `value` int(11) DEFAULT NULL,
  `likelihood` varchar(16) DEFAULT NULL,
  `created` datetime DEFAULT NULL,
  `modified` datetime DEFAULT NULL,
  PRIMARY KEY (`id`)
) ENGINE=InnoDB DEFAULT CHARSET=latin1;

LOCK TABLES `proposals` WRITE;
/*!40000 ALTER TABLE `proposals` DISABLE KEYS */;

INSERT INTO `proposals` (`id`, `programme_id`, `owner_user_id`, `project_id`, `title`, `summary`, `due_date`, `donor`, `value`, `likelihood`, `created`, `modified`)
VALUES
	(1,2,NULL,NULL,'A title','','2015-03-20','',NULL,'0','2015-03-20 15:54:43','2015-03-20 15:54:43'),
	(2,2,1,NULL,'A title','','2015-03-20','',NULL,'0','2015-03-20 15:55:23','2015-03-20 15:55:23'),
	(3,2,1,1,'A title','','2015-03-20','',NULL,'0','2015-03-20 15:57:31','2015-03-20 15:57:31'),
	(4,1,2,2,'','','2015-03-20','',NULL,'0','2015-03-20 15:59:59','2015-03-20 15:59:59'),
	(5,1,3,3,'','','2015-03-20','',NULL,'0','2015-03-20 16:00:00','2015-03-20 16:00:00'),
	(6,1,4,4,'','','2015-03-20','',NULL,'0','2015-03-20 16:04:48','2015-03-20 16:04:48'),
	(7,1,1,5,'asfasdf','asdfasdfa','2015-03-20','',NULL,NULL,'2015-03-20 16:08:45','2015-03-20 16:08:45'),
	(8,3,1,6,'xcjlmv','sdafasdf','2015-03-20','',NULL,NULL,'2015-03-20 16:41:27','2015-03-20 16:41:27'),
	(9,1,1,7,'A new proposal','Some summary to describe it','2015-03-27','Donor name',NULL,NULL,'2015-03-27 10:10:57','2015-03-27 10:10:57'),
	(10,1,1,8,'sadfsadf','safsadfsafd','2015-03-27','sdfasdf',NULL,'high','2015-03-27 10:18:27','2015-03-27 10:18:27'),
	(11,1,1,9,'sadfsadf','safsadfsafd','2015-03-27','sdfasdf',1231231,'high','2015-03-27 10:19:02','2015-03-27 11:03:04'),
	(12,1,1,10,'asdfasdf','sadfasdfasdf','2015-03-27','dsfasdfasdf',23423423,'high','2015-03-27 11:04:28','2015-03-27 11:04:28'),
	(13,1,1,11,'','','2015-03-27','',NULL,'high','2015-03-27 12:05:52','2015-03-27 12:05:52'),
	(14,2,1,12,'gvhvjub','','2015-03-27','',2147483647,'high','2015-03-27 12:51:17','2015-03-27 12:51:17'),
	(15,1,1,13,'afasdfasd','sadfasfasf','2015-03-27','sdf',23123,'high','2015-03-27 15:37:35','2015-03-27 15:37:35'),
	(16,3,1,14,'','','2015-03-27','',NULL,'high','2015-03-27 15:40:23','2015-03-27 15:40:23'),
	(17,1,1,15,'asdfasdfdfsa','','2015-03-27','',NULL,'high','2015-03-27 16:14:57','2015-03-27 16:14:57');

/*!40000 ALTER TABLE `proposals` ENABLE KEYS */;
UNLOCK TABLES;


# Dump of table proposals_themes
# ------------------------------------------------------------

DROP TABLE IF EXISTS `proposals_themes`;

CREATE TABLE `proposals_themes` (
  `id` int(11) unsigned NOT NULL AUTO_INCREMENT,
  `proposal_id` int(11) DEFAULT NULL,
  `theme_id` int(11) DEFAULT NULL,
  PRIMARY KEY (`id`)
) ENGINE=InnoDB DEFAULT CHARSET=latin1;

LOCK TABLES `proposals_themes` WRITE;
/*!40000 ALTER TABLE `proposals_themes` DISABLE KEYS */;

INSERT INTO `proposals_themes` (`id`, `proposal_id`, `theme_id`)
VALUES
	(1,7,1),
	(2,9,1),
	(3,9,2),
	(4,12,1),
	(5,12,2),
	(6,14,1),
	(7,15,2),
	(8,15,3),
	(9,17,2),
	(10,17,4),
	(11,17,5);

/*!40000 ALTER TABLE `proposals_themes` ENABLE KEYS */;
UNLOCK TABLES;


# Dump of table statuses
# ------------------------------------------------------------

DROP TABLE IF EXISTS `statuses`;

CREATE TABLE `statuses` (
  `id` int(11) unsigned NOT NULL AUTO_INCREMENT,
  `name` varchar(255) DEFAULT NULL,
  `short_name` varchar(32) DEFAULT NULL,
  `sort_order` int(11) DEFAULT '0',
  PRIMARY KEY (`id`)
) ENGINE=InnoDB DEFAULT CHARSET=latin1;

LOCK TABLES `statuses` WRITE;
/*!40000 ALTER TABLE `statuses` DISABLE KEYS */;

INSERT INTO `statuses` (`id`, `name`, `short_name`, `sort_order`)
VALUES
	(1,'Not yet submitted','not-submitted',0),
	(2,'Submitted','submitted',1),
	(3,'Approved','approved',99),
	(4,'Rejected','rejected',2),
	(5,'Contracted','contracted',3),
	(6,'Completed','completed',4);

/*!40000 ALTER TABLE `statuses` ENABLE KEYS */;
UNLOCK TABLES;


# Dump of table themes
# ------------------------------------------------------------

DROP TABLE IF EXISTS `themes`;

CREATE TABLE `themes` (
  `id` int(11) unsigned NOT NULL AUTO_INCREMENT,
  `name` varchar(255) DEFAULT NULL,
  `sort_order` int(11) DEFAULT '0',
  PRIMARY KEY (`id`)
) ENGINE=InnoDB DEFAULT CHARSET=latin1;

LOCK TABLES `themes` WRITE;
/*!40000 ALTER TABLE `themes` DISABLE KEYS */;

INSERT INTO `themes` (`id`, `name`, `sort_order`)
VALUES
	(1,'Relations within and between communities',0),
	(2,'Natural resource',0),
	(3,'Crime, violence and instability',0),
	(4,'The impact of climate change',0),
	(5,'Gender',0),
	(6,'Citizenship and the state',0),
	(7,'The political economy',0);

/*!40000 ALTER TABLE `themes` ENABLE KEYS */;
UNLOCK TABLES;


# Dump of table users
# ------------------------------------------------------------

DROP TABLE IF EXISTS `users`;

CREATE TABLE `users` (
  `id` int(10) unsigned NOT NULL AUTO_INCREMENT,
  `username` varchar(50) DEFAULT NULL,
  `password` varchar(255) DEFAULT NULL,
  `role` varchar(20) DEFAULT NULL,
  `created` datetime DEFAULT NULL,
  `modified` datetime DEFAULT NULL,
  `first_name` varchar(255) DEFAULT NULL,
  `last_name` varchar(255) DEFAULT NULL,
  PRIMARY KEY (`id`)
) ENGINE=InnoDB DEFAULT CHARSET=latin1;

LOCK TABLES `users` WRITE;
/*!40000 ALTER TABLE `users` DISABLE KEYS */;

INSERT INTO `users` (`id`, `username`, `password`, `role`, `created`, `modified`, `first_name`, `last_name`)
VALUES
	(1,'admin','$2a$10$JZbLsEXMCB7eOHIrRxQ.buQ2OrnjB01..9oHRoR.1zlPp3PXzbukW','admin','2015-03-19 15:19:40','2015-03-19 15:19:40','Bob','LAST NAME'),
	(2,'test','$2a$10$JZbLsEXMCB7eOHIrRxQ.buQ2OrnjB01..9oHRoR.1zlPp3PXzbukW','employee','2015-04-17 11:41:30','2015-04-17 11:41:30','Alice','LAST NAME'),
	(3,'crista','$2a$10$JZbLsEXMCB7eOHIrRxQ.buQ2OrnjB01..9oHRoR.1zlPp3PXzbukW','employee','2015-04-17 11:41:30','2015-04-17 11:41:30','Crista','LAST NAME');

/*!40000 ALTER TABLE `users` ENABLE KEYS */;
UNLOCK TABLES;



/*!40111 SET SQL_NOTES=@OLD_SQL_NOTES */;
/*!40101 SET SQL_MODE=@OLD_SQL_MODE */;
/*!40014 SET FOREIGN_KEY_CHECKS=@OLD_FOREIGN_KEY_CHECKS */;
/*!40101 SET CHARACTER_SET_CLIENT=@OLD_CHARACTER_SET_CLIENT */;
/*!40101 SET CHARACTER_SET_RESULTS=@OLD_CHARACTER_SET_RESULTS */;
/*!40101 SET COLLATION_CONNECTION=@OLD_COLLATION_CONNECTION */;
